ts_ms,valid_L,interp_L,side_L,pLx,pLy,pLz,qLx,qLy,qLz,qLw,pLx_raw,pLy_raw,pLz_raw,valid_R,interp_R,side_R,pRx,pRy,pRz,qRx,qRy,qRz,qRw,pRx_raw,pRy_raw,pRz_raw
1779153048993.473,0,0,-1,0.000000,0.000000,0.000000,0.000000,0.000000,0.000000,0.000000,0.000000,0.000000,0.000000,1,0,0,-0.051381,-0.188477,0.291107,0.196591,-0.285703,-0.777417,0.524734,-0.052300,-0.182273,0.259545
1779153049026.806,0,0,-1,0.000000,0.000000,0.000000,0.000000,0.000000,0.000000,0.000000,0.000000,0.000000,0.000000,0,0,-1,0.000000,0.000000,0.000000,0.000000,0.000000,0.000000,0.000000,0.000000,0.000000,0.000000
1779153049060.140,0,0,-1,0.000000,0.000000,0.000000,0.000000,0.000000,0.000000,0.000000,0.000000,0.000000,0.000000,0,0,-1,0.000000,0.000000,0.000000,0.000000,0.000000,0.000000,0.000000,0.000000,0.000000,0.000000
1779153049093.473,1,0,0,0.043768,0.246974,0.259840,0.692703,0.219844,-0.149578,0.670416,0.031475,0.246265,0.264681,0,0,-1,0.000000,0.000000,0.000000,0.000000,0.000000,0.000000,0.000000,0.000000,0.000000,0.000000
1779153049126.806,1,0,0,0.044663,0.246961,0.262428,0.691544,0.222969,-0.154959,0.669357,0.033220,0.245842,0.267670,0,0,-1,0.000000,0.000000,0.000000,0.000000,0.000000,0.000000,0.000000,0.000000,0.000000,0.000000
1779153049160.140,1,0,0,0.045498,0.246919,0.264820,0.690357,0.226085,-0.160333,0.668271,0.033486,0.245067,0.269574,0,0,-1,0.000000,0.000000,0.000000,0.000000,0.000000,0.000000,0.000000,0.000000,0.000000,0.000000
1779153049193.473,1,0,0,0.046275,0.246846,0.267024,0.689142,0.229191,-0.165701,0.667157,0.032892,0.244231,0.271526,0,0,-1,0.000000,0.000000,0.000000,0.000000,0.000000,0.000000,0.000000,0.000000,0.000000,0.000000
1779153049226.806,1,0,0,0.046997,0.246744,0.269049,0.687898,0.232288,-0.171062,0.666015,0.033067,0.244066,0.272937,1,0,0,-0.127750,-0.206070,0.289845,-0.051524,-0.304730,-0.573645,0.758562,-0.126453,-0.207530,0.296232
1779153049260.140,1,0,0,0.047667,0.246613,0.270903,0.686626,0.235376,-0.176415,0.664846,0.032897,0.244207,0.273275,1,0,0,-0.121055,-0.201024,0.290645,-0.087233,-0.303489,-0.536169,0.782820,-0.123478,-0.202203,0.303992
1779153049293.473,1,0,0,0.048287,0.246454,0.272595,0.685326,0.238454,-0.181762,0.663650,0.033366,0.243722,0.275381,1,1,0,-0.107218,-0.196245,0.291188,-0.122655,-0.301255,-0.496940,0.804519,-0.105057,-0.198656,0.299861
1779153049326.806,1,0,0,0.048860,0.246266,0.274132,0.683997,0.241522,-0.187101,0.662426,0.034664,0.243812,0.277257,1,1,-1,-0.086965,-0.192459,0.291349,-0.157677,-0.298037,-0.456087,0.823588,-0.086431,-0.195141,0.295559
1779153049360.140,1,0,0,0.049389,0.246050,0.275525,0.682641,0.244580,-0.192432,0.661175,0.035631,0.243940,0.277889,1,1,0,-0.067581,-0.190430,0.291189,-0.192184,-0.293844,-0.413742,0.839964,-0.067806,-0.191626,0.291258
1779153049393.473,1,0,0,0.049878,0.245806,0.276780,0.681256,0.247628,-0.197756,0.659897,0.035738,0.243828,0.279810,1,1,0,-0.047015,-0.190931,0.290497,-0.182296,-0.294206,-0.422382,0.837738,-0.049180,-0.188110,0.286957
1779153049426.806,1,0,0,0.050328,0.245535,0.277906,0.679843,0.250666,-0.203071,0.658591,0.037119,0.243505,0.282197,1,1,1,-0.034542,-0.195043,0.289327,-0.172375,-0.294515,-0.430947,0.835364,-0.030555,-0.184595,0.282656
1779153049460.140,0,0,-1,0.000000,0.000000,0.000000,0.000000,0.000000,0.000000,0.000000,0.000000,0.000000,0.000000,1,0,0,-0.108913,-0.200347,0.290428,-0.162424,-0.294772,-0.439436,0.832841,-0.114287,-0.215181,0.284280
1779153049493.473,0,0,-1,0.000000,0.000000,0.000000,0.000000,0.000000,0.000000,0.000000,0.000000,0.000000,0.000000,1,0,1,-0.037737,-0.193494,0.289725,-0.152444,-0.294976,-0.447847,0.830170,-0.033240,-0.185796,0.281451
1779153049526.806,0,0,-1,0.000000,0.000000,0.000000,0.000000,0.000000,0.000000,0.000000,0.000000,0.000000,0.000000,1,0,0,-0.060153,-0.184450,0.292153,-0.142437,-0.295128,-0.456178,0.827353,-0.063036,-0.179990,0.288351
1779153049560.140,1,0,0,0.051804,0.244187,0.281294,0.673912,0.262713,-0.224246,0.653099,0.036826,0.240912,0.283593,1,0,1,-0.032065,-0.181740,0.291876,-0.132405,-0.295228,-0.464429,0.824388,-0.032365,-0.183041,0.284679
1779153049593.473,1,0,0,0.052106,0.243785,0.281904,0.672360,0.265698,-0.229517,0.651659,0.038877,0.240130,0.283893,1,0,1,-0.033927,-0.189863,0.290330,-0.122349,-0.295275,-0.472596,0.821277,-0.031568,-0.182844,0.281614
1779153049626.806,1,0,0,0.052387,0.243358,0.282435,0.670780,0.268672,-0.234779,0.650191,0.039565,0.240453,0.284590,1,0,0,-0.119854,-0.198042,0.291198,-0.112272,-0.295270,-0.480680,0.818020,-0.123162,-0.210978,0.290290
1779153049660.140,1,0,0,0.052649,0.242907,0.282897,0.669172,0.271635,-0.240031,0.648697,0.039525,0.238847,0.285092,1,0,1,-0.036093,-0.196397,0.289105,-0.102174,-0.295213,-0.488679,0.814618,-0.034566,-0.184936,0.280675
1779153049693.473,0,0,-1,0.000000,0.000000,0.000000,0.000000,0.000000,0.000000,0.000000,0.000000,0.000000,0.000000,0,0,-1,0.000000,0.000000,0.000000,0.000000,0.000000,0.000000,0.000000,0.000000,0.000000,0.000000
1779153049726.806,0,0,-1,0.000000,0.000000,0.000000,0.000000,0.000000,0.000000,0.000000,0.000000,0.000000,0.000000,0,0,-1,0.000000,0.000000,0.000000,0.000000,0.000000,0.000000,0.000000,0.000000,0.000000,0.000000
1779153049760.140,1,0,0,0.053353,0.241407,0.283949,0.664184,0.280456,-0.255727,0.644055,0.042717,0.235965,0.289755,1,0,0,-0.122051,-0.202682,0.290348,-0.071781,-0.294726,-0.512149,0.803547,-0.123000,-0.207836,0.294762
1779153049793.473,1,0,0,0.053570,0.240861,0.284216,0.662467,0.283373,-0.260938,0.642455,0.043669,0.234559,0.292099,1,0,1,-0.034039,-0.194803,0.289360,-0.061621,-0.294459,-0.519792,0.799570,-0.033499,-0.189715,0.278637
1779153049826.806,1,0,0,0.053783,0.240291,0.284456,0.660722,0.286279,-0.266139,0.640828,0.045621,0.233246,0.293311,1,0,1,-0.031400,-0.188584,0.290509,-0.051451,-0.294140,-0.527343,0.795452,-0.030042,-0.187948,0.279176
1779153049860.140,1,0,0,0.053994,0.239699,0.284677,0.658951,0.289173,-0.271329,0.639174,0.046102,0.232439,0.293070,1,0,1,-0.023071,-0.191759,0.289643,-0.041272,-0.293768,-0.534801,0.791192,-0.028729,-0.189204,0.277370
1779153049893.473,1,0,0,0.054206,0.239084,0.284888,0.657152,0.292055,-0.276507,0.637495,0.048001,0.231964,0.293309,1,0,1,-0.036488,-0.200172,0.288373,-0.031085,-0.293345,-0.542163,0.786792,-0.028765,-0.189589,0.278453
1779153049926.806,1,0,0,0.054423,0.238448,0.285096,0.655325,0.294925,-0.281674,0.635789,0.049577,0.231592,0.294533,1,0,0,-0.113410,-0.207503,0.289149,-0.020893,-0.292869,-0.549430,0.782252,-0.121314,-0.217627,0.279736
1779153049960.140,1,0,0,0.054647,0.237790,0.285310,0.653472,0.297783,-0.286829,0.634057,0.050328,0.230793,0.295388,1,0,0,-0.129940,-0.210105,0.289113,-0.010697,-0.292342,-0.556598,0.777573,-0.125879,-0.213869,0.293225
1779153049993.473,1,0,0,0.054880,0.237111,0.285539,0.651592,0.300629,-0.291973,0.632298,0.050785,0.230793,0.295870,1,0,1,-0.030976,-0.206759,0.286916,-0.000500,-0.291762,-0.563668,0.772756,-0.031856,-0.191949,0.279624
1779153050026.806,1,0,0,0.055126,0.236411,0.285791,0.649686,0.303462,-0.297105,0.630514,0.051656,0.231653,0.294880,1,1,0,-0.073721,-0.202571,0.288975,0.009698,-0.291131,-0.570638,0.767803,-0.073213,-0.202039,0.286030
1779153050060.140,1,0,0,0.055388,0.235691,0.286074,0.647752,0.306283,-0.302224,0.628704,0.052864,0.232732,0.291611,1,1,0,-0.117895,-0.200497,0.290658,0.019894,-0.290448,-0.577507,0.762712,-0.120021,-0.213409,0.293261
1779153050093.473,1,0,0,0.055668,0.234951,0.286398,0.645792,0.309091,-0.307331,0.626868,0.053975,0.233788,0.288298,1,0,1,-0.031739,-0.199007,0.288465,0.030087,-0.289713,-0.584273,0.757487,-0.028542,-0.193393,0.279122
1779153050126.806,1,0,0,0.055970,0.234191,0.286769,0.643805,0.311887,-0.312425,0.625006,0.056040,0.234128,0.286484,1,1,1,-0.020378,-0.198162,0.288304,0.040274,-0.288927,-0.590935,0.752127,-0.024809,-0.192367,0.278782
1779153050160.140,1,0,0,0.056294,0.233412,0.287196,0.652099,0.307385,-0.308860,0.620393,0.058216,0.234194,0.285298,1,1,1,-0.029247,-0.200101,0.288178,0.050454,-0.288090,-0.597493,0.746633,-0.024784,-0.192145,0.279024
1779153050193.473,1,0,0,0.056643,0.232614,0.287681,0.660313,0.302846,-0.305256,0.615703,0.059254,0.234530,0.283855,1,0,0,-0.106350,-0.204491,0.289538,0.060625,-0.287202,-0.603944,0.741007,-0.112146,-0.217496,0.282956
1779153050226.806,1,0,0,0.057017,0.231798,0.288224,0.668445,0.298269,-0.301615,0.610938,0.060546,0.234922,0.283057,1,0,1,-0.035867,-0.199680,0.288452,0.070785,-0.286262,-0.610288,0.735249,-0.029241,-0.191674,0.279910
1779153050260.140,1,0,0,0.057414,0.230963,0.288826,0.676495,0.293656,-0.297937,0.606098,0.062057,0.234994,0.284086,1,0,1,-0.016791,-0.193363,0.289146,0.080933,-0.285272,-0.616524,0.729361,-0.024970,-0.189593,0.280673
1779153050293.473,1,0,0,0.057837,0.230110,0.289487,0.684462,0.289007,-0.294222,0.601183,0.062125,0.234774,0.283501,1,0,1,-0.034336,-0.189439,0.290425,0.091067,-0.284231,-0.622651,0.723344,-0.026116,-0.187971,0.280610
1779153050326.806,1,0,0,0.058284,0.229240,0.290208,0.692345,0.284322,-0.290471,0.596194,0.060408,0.234320,0.283585,1,0,1,-0.015810,-0.189390,0.289900,0.101184,-0.283140,-0.628666,0.717197,-0.024338,-0.190185,0.279727
1779153050360.140,1,0,0,0.058756,0.228352,0.290990,0.700142,0.279602,-0.286684,0.591131,0.062040,0.234167,0.284703,1,0,1,-0.029452,-0.195468,0.289097,0.111283,-0.281998,-0.634571,0.710924,-0.023408,-0.190911,0.279717
1779153050393.473,1,0,0,0.059253,0.227448,0.291834,0.707853,0.274847,-0.282862,0.585996,0.061314,0.233192,0.285491,1,0,0,-0.111986,-0.208102,0.288990,0.121363,-0.280807,-0.640362,0.704525,-0.115135,-0.210695,0.300797
1779153050426.806,1,0,0,0.059775,0.226528,0.292741,0.715478,0.270059,-0.279005,0.580789,0.063314,0.232393,0.286739,1,0,0,-0.115001,-0.220087,0.286716,0.131421,-0.279565,-0.646040,0.698000,-0.114181,-0.220427,0.280469
1779153050460.140,1,0,0,0.060323,0.225591,0.293710,0.723014,0.265238,-0.275114,0.575510,0.064352,0.231169,0.288062,1,0,0,-0.116723,-0.223810,0.286032,0.141455,-0.278274,-0.651604,0.691351,-0.115397,-0.221240,0.279672
1779153050493.473,1,0,0,0.060896,0.224639,0.294742,0.730461,0.260384,-0.271189,0.570161,0.066471,0.230263,0.288446,1,0,0,-0.114399,-0.214883,0.287723,0.151465,-0.276934,-0.657051,0.684580,-0.119774,-0.219843,0.299581
1779153050526.806,1,0,0,0.061495,0.223671,0.295840,0.737818,0.255498,-0.267230,0.564741,0.066836,0.228308,0.290247,1,0,1,-0.036849,-0.203244,0.287778,0.161447,-0.275544,-0.662382,0.677687,-0.025492,-0.198440,0.280362
1779153050560.140,1,0,0,0.062119,0.222688,0.297002,0.745085,0.250580,-0.263239,0.559252,0.067462,0.228061,0.290084,1,1,1,-0.017167,-0.200249,0.287800,0.171401,-0.274105,-0.667596,0.670674,-0.029369,-0.199761,0.281469
1779153050593.473,1,0,0,0.062770,0.221691,0.298230,0.752260,0.245632,-0.259215,0.553694,0.069600,0.225753,0.292444,1,1,0,-0.039580,-0.202949,0.287915,0.181325,-0.272618,-0.672690,0.663542,-0.036959,-0.201939,0.283371
1779153050626.806,1,0,0,0.063447,0.220680,0.299524,0.759342,0.240653,-0.255160,0.548068,0.072528,0.223466,0.295404,1,1,0,-0.047788,-0.205890,0.287573,0.191216,-0.271083,-0.677666,0.656292,-0.044550,-0.204116,0.285272
1779153050660.140,1,0,0,0.064150,0.219654,0.300885,0.766331,0.235645,-0.251073,0.542375,0.073284,0.222334,0.297688,1,1,-1,-0.043705,-0.208292,0.286982,0.201074,-0.269499,-0.682521,0.648926,-0.043121,-0.208766,0.285939
1779153050693.473,1,0,0,0.064880,0.218615,0.302314,0.773226,0.230608,-0.246955,0.536615,0.075151,0.220869,0.298917,1,1,0,-0.040824,-0.210477,0.286468,0.138369,-0.263511,-0.639755,0.708611,-0.041382,-0.213502,0.286563
1779153050726.806,1,0,0,0.065636,0.217563,0.303812,0.780025,0.225542,-0.242807,0.530789,0.074981,0.218783,0.299866,1,1,-1,-0.040735,-0.212502,0.286067,0.074370,-0.255057,-0.591001,0.761665,-0.042182,-0.214442,0.288259
1779153050760.140,1,0,0,0.066419,0.216498,0.305379,0.786729,0.220449,-0.238629,0.524897,0.074938,0.217970,0.302507,1,1,-1,-0.042055,-0.214357,0.285739,0.009674,-0.244216,-0.536715,0.807590,-0.043064,-0.215259,0.289991
1779153050793.473,1,0,0,0.067229,0.215421,0.307015,0.793335,0.215328,-0.234421,0.518941,0.076428,0.216218,0.303122,1,1,-1,-0.043399,-0.216034,0.285448,-0.055112,-0.231089,-0.477407,0.845957,-0.043946,-0.216075,0.291722
1779153050826.806,1,0,0,0.068066,0.214331,0.308722,0.799844,0.210181,-0.230185,0.512921,0.077475,0.215297,0.306679,1,1,0,-0.043778,-0.217526,0.285165,-0.119382,-0.215800,-0.413630,0.876406,-0.044828,-0.216891,0.293454
1779153050860.140,1,0,0,0.068931,0.213230,0.310501,0.806255,0.205008,-0.225920,0.506838,0.078867,0.214449,0.309651,1,0,0,-0.043775,-0.218835,0.284907,-0.182536,-0.198490,-0.345982,0.898654,-0.037978,-0.219055,0.295105
1779153050893.473,1,0,0,0.069822,0.212117,0.312351,0.812566,0.199810,-0.221628,0.500692,0.078584,0.213830,0.310631,1,1,-1,-0.044372,-0.219965,0.284702,-0.243980,-0.179324,-0.275097,0.912490,-0.042944,-0.220146,0.292240
1779153050926.806,1,0,0,0.070742,0.210994,0.314273,0.818778,0.194588,-0.217308,0.494485,0.077827,0.212980,0.312409,1,1,-1,-0.046548,-0.220919,0.284577,-0.303141,-0.158478,-0.201636,0.917787,-0.048267,-0.221204,0.289240
1779153050960.140,1,0,0,0.071689,0.209859,0.316270,0.824889,0.189341,-0.212961,0.488217,0.078169,0.211470,0.315505,1,1,-1,-0.051017,-0.221706,0.284550,-0.359466,-0.136150,-0.126288,0.914494,-0.053590,-0.222262,0.286240
1779153050993.473,1,0,0,0.072663,0.208715,0.318338,0.830898,0.184071,-0.208589,0.481889,0.077026,0.211083,0.317142,1,1,-1,-0.057433,-0.222359,0.284607,-0.412426,-0.112547,-0.049759,0.902642,-0.058914,-0.223320,0.283240
1779153051026.806,0,0,-1,0.000000,0.000000,0.000000,0.000000,0.000000,0.000000,0.000000,0.000000,0.000000,0.000000,1,1,-1,-0.065183,-0.222913,0.284721,-0.412457,-0.110897,-0.049975,0.902820,-0.064237,-0.224378,0.280240
1779153051060.140,0,0,-1,0.000000,0.000000,0.000000,0.000000,0.000000,0.000000,0.000000,0.000000,0.000000,0.000000,1,1,-1,-0.073655,-0.223405,0.284869,-0.412486,-0.109247,-0.050192,0.902996,-0.069560,-0.225436,0.277240
1779153051093.473,0,0,-1,0.000000,0.000000,0.000000,0.000000,0.000000,0.000000,0.000000,0.000000,0.000000,0.000000,1,1,0,-0.069660,-0.223803,0.284675,-0.412515,-0.107596,-0.050408,0.903169,-0.074884,-0.226494,0.274240
1779153051126.806,0,0,-1,0.000000,0.000000,0.000000,0.000000,0.000000,0.000000,0.000000,0.000000,0.000000,0.000000,1,0,0,-0.037618,-0.224061,0.283700,-0.412542,-0.105945,-0.050623,0.903339,-0.031902,-0.216039,0.297050
1779153051160.140,0,0,-1,0.000000,0.000000,0.000000,0.000000,0.000000,0.000000,0.000000,0.000000,0.000000,0.000000,1,0,0,-0.072011,-0.224736,0.284559,-0.412569,-0.104293,-0.050839,0.903507,-0.084727,-0.226856,0.286713
1779153051193.473,0,0,-1,0.000000,0.000000,0.000000,0.000000,0.000000,0.000000,0.000000,0.000000,0.000000,0.000000,1,0,0,-0.083585,-0.225381,0.284766,-0.412594,-0.102642,-0.051055,0.903673,-0.077462,-0.225572,0.281003
1779153051226.806,0,0,-1,0.000000,0.000000,0.000000,0.000000,0.000000,0.000000,0.000000,0.000000,0.000000,0.000000,1,0,0,-0.081479,-0.226076,0.284568,-0.412618,-0.100990,-0.051270,0.903836,-0.074871,-0.226769,0.281322
1779153051260.140,1,0,0,0.080989,0.199562,0.336431,0.875231,0.141152,-0.172729,0.429198,0.079734,0.203961,0.334975,1,0,0,-0.076918,-0.226890,0.284277,-0.412640,-0.099337,-0.051485,0.903996,-0.070125,-0.226921,0.283287
1779153051293.473,1,0,0,0.082038,0.198464,0.338746,0.880295,0.135702,-0.168145,0.422365,0.080062,0.201320,0.339362,1,0,0,-0.070517,-0.227821,0.283908,-0.412662,-0.097685,-0.051701,0.904154,-0.071051,-0.226540,0.278993
1779153051326.806,1,0,0,0.083076,0.197387,0.341042,0.885251,0.130235,-0.163540,0.415481,0.081704,0.198601,0.344291,1,0,0,-0.062894,-0.228872,0.283482,-0.412683,-0.096032,-0.051916,0.904310,-0.071053,-0.224385,0.281804
1779153051360.140,1,0,0,0.084098,0.196333,0.343311,0.890098,0.124753,-0.158916,0.408545,0.084001,0.196097,0.348283,1,0,0,-0.054666,-0.230043,0.283013,-0.412702,-0.094379,-0.052130,0.904462,-0.055671,-0.228431,0.272510
1779153051393.473,1,0,0,0.085102,0.195306,0.345541,0.894835,0.119255,-0.154271,0.401559,0.084022,0.194254,0.350456,1,0,0,-0.046449,-0.231334,0.282522,-0.412720,-0.092726,-0.052345,0.904613,-0.055264,-0.227722,0.272920
1779153051426.806,1,0,0,0.086082,0.194309,0.347724,0.899462,0.113742,-0.149608,0.394523,0.085689,0.192841,0.352055,1,0,0,-0.038861,-0.232747,0.282025,-0.412737,-0.091072,-0.052560,0.904760,-0.034989,-0.237253,0.269677
1779153051460.140,1,0,0,0.087036,0.193345,0.349851,0.903978,0.108215,-0.144926,0.387439,0.088197,0.190950,0.353393,1,0,0,-0.032517,-0.234282,0.281539,-0.412753,-0.089418,-0.052774,0.904906,-0.032603,-0.230539,0.291989
1779153051493.473,1,0,0,0.087958,0.192416,0.351913,0.908384,0.102675,-0.140227,0.380307,0.087644,0.189663,0.355476,1,0,0,-0.027891,-0.235596,0.281147,-0.412768,-0.087764,-0.052988,0.905048,-0.027431,-0.237532,0.280115
1779153051526.806,1,0,0,0.088846,0.191527,0.353900,0.912677,0.097122,-0.135510,0.373129,0.087335,0.189214,0.354558,1,0,0,-0.024880,-0.234963,0.281185,-0.412781,-0.086110,-0.053203,0.905189,-0.024358,-0.239414,0.277135
1779153051560.140,1,0,0,0.089696,0.190680,0.355803,0.916858,0.091557,-0.130777,0.365904,0.087436,0.189447,0.355851,1,0,0,-0.023236,-0.230316,0.282053,-0.412793,-0.084455,-0.053417,0.905326,-0.038118,-0.231529,0.288323
1779153051593.473,1,0,0,0.090502,0.189878,0.357612,0.915725,0.091922,-0.131259,0.368470,0.087015,0.189040,0.356817,1,0,1,-0.022713,-0.220889,0.283894,-0.412805,-0.082800,-0.053630,0.905461,-0.009154,-0.217798,0.306446
1779153051626.806,1,0,0,0.091263,0.189124,0.359318,0.914584,0.092285,-0.131740,0.371032,0.086778,0.188538,0.357620,1,0,0,-0.023063,-0.211134,0.285826,-0.412815,-0.081145,-0.053844,0.905594,-0.018643,-0.213896,0.314777
1779153051660.140,1,0,0,0.091973,0.188422,0.360914,0.913435,0.092647,-0.132219,0.373591,0.085761,0.188522,0.358685,1,0,1,-0.024039,-0.205663,0.286932,-0.412824,-0.079490,-0.054058,0.905724,-0.016763,-0.216662,0.313921
1779153051693.473,1,0,0,0.092631,0.187775,0.362393,0.912279,0.093009,-0.132698,0.376147,0.087280,0.189854,0.359125,1,0,1,-0.025395,-0.204515,0.287197,-0.412831,-0.077835,-0.054271,0.905851,-0.019794,-0.215329,0.312914
1779153051726.806,1,0,0,0.093235,0.187184,0.363754,0.911116,0.093370,-0.133176,0.378700,0.086341,0.190660,0.359340,1,0,0,-0.026882,-0.206589,0.286832,-0.412838,-0.076179,-0.054484,0.905976,-0.021019,-0.203832,0.320434
1779153051760.140,1,0,0,0.093783,0.186655,0.364992,0.909945,0.093731,-0.133653,0.381250,0.085034,0.191223,0.360058,1,0,0,-0.028254,-0.210780,0.286046,-0.412843,-0.074523,-0.054697,0.906099,-0.031575,-0.218957,0.303117
1779153051793.473,1,0,0,0.094272,0.186189,0.366104,0.908767,0.094090,-0.134128,0.383797,0.084257,0.191670,0.362116,1,0,0,-0.029315,-0.215939,0.285060,-0.412848,-0.072867,-0.054910,0.906219,-0.032612,-0.223039,0.292213
1779153051826.806,1,0,0,0.094702,0.185790,0.367086,0.907581,0.094449,-0.134602,0.386340,0.083793,0.193090,0.362834,1,0,0,-0.030076,-0.220725,0.284139,-0.412851,-0.071210,-0.055123,0.906336,-0.036131,-0.217938,0.294381
1779153051860.140,1,0,0,0.095070,0.185461,0.367934,0.906387,0.094807,-0.135076,0.388881,0.083134,0.192265,0.364487,1,0,0,-0.030600,-0.223747,0.283559,-0.412853,-0.069554,-0.055335,0.906451,-0.033866,-0.218369,0.292590
1779153051893.473,1,0,0,0.095374,0.185205,0.368646,0.905186,0.095164,-0.135548,0.391418,0.084838,0.191264,0.367394,1,0,0,-0.030951,-0.223617,0.283595,-0.412854,-0.067897,-0.055548,0.906563,-0.035748,-0.219964,0.286288
1779153051926.806,1,0,0,0.095612,0.185025,0.369218,0.903978,0.095520,-0.136019,0.393952,0.085134,0.190077,0.368499,1,0,0,-0.031189,-0.219663,0.284381,-0.412853,-0.066240,-0.055760,0.906673,-0.035508,-0.226519,0.271970
1779153051960.140,1,0,0,0.095782,0.184924,0.369645,0.902762,0.095876,-0.136489,0.396483,0.086049,0.188027,0.369840,1,0,0,-0.031379,-0.214082,0.285485,-0.412852,-0.064583,-0.055972,0.906780,-0.032448,-0.221422,0.285390
1779153051993.473,1,0,0,0.095883,0.184905,0.369925,0.901539,0.096231,-0.136958,0.399010,0.085431,0.185545,0.371443,1,0,0,-0.031582,-0.209788,0.286337,-0.412849,-0.062926,-0.056184,0.906884,-0.028014,-0.213068,0.303716
1779153052026.806,1,0,0,0.095913,0.184972,0.370055,0.900309,0.096585,-0.137425,0.401535,0.084912,0.182814,0.373194,1,0,0,-0.031862,-0.209695,0.286364,-0.412845,-0.061268,-0.056396,0.906986,-0.021813,-0.204296,0.312947
1779153052060.140,0,0,-1,0.000000,0.000000,0.000000,0.000000,0.000000,0.000000,0.000000,0.000000,0.000000,0.000000,1,0,0,-0.032266,-0.214883,0.285353,-0.412840,-0.059611,-0.056608,0.907086,-0.027257,-0.217041,0.301919
1779153052093.473,1,0,0,0.095749,0.185374,0.369846,0.897825,0.097290,-0.138357,0.406573,0.088334,0.177062,0.377865,1,0,0,-0.032780,-0.219101,0.284537,-0.412834,-0.057953,-0.056819,0.907183,-0.033959,-0.224047,0.285243
1779153052126.806,1,0,0,0.095554,0.185713,0.369503,0.896572,0.097642,-0.138822,0.409087,0.084658,0.175490,0.379723,1,0,0,-0.033377,-0.216924,0.284983,-0.412827,-0.056295,-0.057031,0.907277,-0.035212,-0.218970,0.292313
1779153052160.140,1,0,0,0.095287,0.186140,0.369011,0.895312,0.097993,-0.139285,0.411598,0.081529,0.171281,0.382246,1,0,0,-0.034029,-0.213565,0.285664,-0.412819,-0.054637,-0.057242,0.907369,-0.035559,-0.220867,0.290255
1779153052193.473,1,0,0,0.094954,0.186647,0.368380,0.894045,0.098343,-0.139747,0.414106,0.081670,0.171037,0.382372,1,0,0,-0.034706,-0.214855,0.285429,-0.412809,-0.052978,-0.057453,0.907459,-0.026446,-0.205312,0.308328
1779153052226.806,1,0,0,0.094560,0.187226,0.367623,0.892770,0.098692,-0.140208,0.416610,0.081295,0.171000,0.382741,1,0,0,-0.035380,-0.218437,0.284743,-0.412798,-0.051320,-0.057664,0.907545,-0.038539,-0.222598,0.284461
1779153052260.140,1,0,0,0.094113,0.187872,0.366751,0.891488,0.099041,-0.140667,0.419110,0.081030,0.170476,0.381840,1,1,-1,-0.036024,-0.220762,0.284304,-0.412786,-0.049661,-0.057874,0.907630,-0.039041,-0.223647,0.283137
1779153052293.473,1,0,0,0.093616,0.188576,0.365777,0.890198,0.099388,-0.141126,0.421608,0.081179,0.169612,0.382562,1,1,0,-0.036608,-0.221686,0.284138,-0.412773,-0.048003,-0.058085,0.907711,-0.039055,-0.224009,0.282761
1779153052326.806,1,0,0,0.093077,0.189331,0.364711,0.888901,0.099735,-0.141583,0.424101,0.079015,0.169684,0.382878,1,1,-1,-0.037105,-0.221818,0.284127,-0.412759,-0.046344,-0.058295,0.907791,-0.038988,-0.221636,0.286762
1779153052360.140,1,0,0,0.092500,0.190130,0.363566,0.887597,0.100081,-0.142040,0.426592,0.077240,0.169024,0.383497,1,1,0,-0.037485,-0.221352,0.284230,-0.412744,-0.044685,-0.058506,0.907867,-0.038918,-0.219158,0.290932
1779153052393.473,1,0,0,0.091891,0.190966,0.362354,0.886285,0.100426,-0.142495,0.429078,0.075060,0.168704,0.382599,1,0,0,-0.037722,-0.220382,0.284427,-0.412727,-0.043026,-0.058716,0.907941,-0.041787,-0.223739,0.281033
1779153052426.806,1,0,0,0.091256,0.191831,0.361085,0.884967,0.100770,-0.142948,0.431561,0.073683,0.169929,0.380927,1,1,-1,-0.037785,-0.219001,0.284701,-0.412709,-0.041366,-0.058926,0.908013,-0.037245,-0.219733,0.288473
1779153052460.140,1,0,0,0.090601,0.192719,0.359772,0.883640,0.101114,-0.143401,0.434041,0.073887,0.173114,0.377496,1,1,0,-0.037648,-0.217302,0.285032,-0.412691,-0.039707,-0.059135,0.908082,-0.032417,-0.215390,0.296594
1779153052493.473,1,0,0,0.089931,0.193622,0.358427,0.882307,0.101456,-0.143853,0.436517,0.077671,0.180008,0.371164,1,0,0,-0.037281,-0.215377,0.285401,-0.412671,-0.038048,-0.059345,0.908148,-0.025143,-0.211539,0.302996
1779153052526.806,1,0,0,0.089253,0.194533,0.357062,0.880966,0.101798,-0.144303,0.438990,0.079258,0.186833,0.363755,1,0,0,-0.036657,-0.213321,0.285788,-0.412649,-0.036388,-0.059554,0.908212,-0.039974,-0.218309,0.286116
1779153052560.140,1,0,0,0.088571,0.195444,0.355687,0.879619,0.102139,-0.144752,0.441459,0.078955,0.194941,0.356724,1,0,0,-0.035746,-0.211225,0.286174,-0.412627,-0.034728,-0.059763,0.908274,-0.041347,-0.219075,0.282778
1779153052593.473,1,0,0,0.087892,0.196349,0.354315,0.878263,0.102479,-0.145200,0.443924,0.078309,0.201953,0.350030,1,0,0,-0.034537,-0.209224,0.286534,-0.412604,-0.033069,-0.059973,0.908333,-0.038956,-0.215149,0.291652
1779153052626.806,1,0,0,0.087220,0.197240,0.352958,0.876901,0.102818,-0.145647,0.446385,0.083686,0.206693,0.344050,1,0,0,-0.033079,-0.207610,0.286809,-0.412579,-0.031409,-0.060181,0.908389,-0.029188,-0.201847,0.308059
1779153052660.140,1,0,0,0.086563,0.198110,0.351627,0.875531,0.103157,-0.146092,0.448843,0.083704,0.209408,0.339530,1,1,-1,-0.031438,-0.206717,0.286938,-0.412553,-0.029749,-0.060390,0.908443,-0.027478,-0.205834,0.306763
1779153052693.473,1,0,0,0.085925,0.198952,0.350335,0.874155,0.103495,-0.146537,0.451297,0.085099,0.210584,0.338237,1,1,-1,-0.029680,-0.206878,0.286856,-0.412526,-0.028089,-0.060599,0.908494,-0.026066,-0.210451,0.304824
1779153052726.806,1,0,0,0.085313,0.199758,0.349092,0.872771,0.103831,-0.146980,0.453748,0.085137,0.208951,0.338794,1,1,1,-0.027871,-0.208270,0.286529,-0.412498,-0.026429,-0.060807,0.908542,-0.024653,-0.215068,0.302885
1779153052760.140,1,0,0,0.084732,0.200522,0.347911,0.871380,0.104167,-0.147422,0.456195,0.087721,0.206691,0.341228,1,0,1,-0.026077,-0.210443,0.286049,-0.412469,-0.024768,-0.061015,0.908589,-0.023635,-0.216751,0.302032
1779153052793.473,1,0,0,0.084187,0.201236,0.346803,0.869981,0.104502,-0.147863,0.458638,0.085311,0.203306,0.342448,1,1,-1,-0.024362,-0.212793,0.285537,-0.412438,-0.023108,-0.061223,0.908632,-0.024360,-0.217503,0.300713
1779153052826.806,1,0,0,0.083684,0.201892,0.345780,0.868576,0.104836,-0.148302,0.461077,0.084956,0.201901,0.342546,1,1,0,-0.022794,-0.214714,0.285113,-0.412407,-0.021448,-0.061431,0.908673,-0.025144,-0.218226,0.299377
1779153052860.140,1,0,0,0.083230,0.202485,0.344854,0.867163,0.105170,-0.148740,0.463512,0.085271,0.203385,0.339264,1,0,1,-0.021438,-0.215741,0.284872,-0.412374,-0.019788,-0.061639,0.908712,-0.024602,-0.215237,0.301241
1779153052893.473,1,0,0,0.082829,0.203006,0.344037,0.865743,0.105502,-0.149177,0.465944,0.086841,0.205822,0.336206,1,0,0,-0.020360,-0.215982,0.284793,-0.412340,-0.018127,-0.061846,0.908747,-0.023926,-0.216731,0.298643
1779153052926.806,1,0,0,0.082488,0.203448,0.343340,0.864316,0.105834,-0.149613,0.468372,0.086194,0.207590,0.333962,1,1,-1,-0.019626,-0.215684,0.284831,-0.412305,-0.016467,-0.062054,0.908781,-0.023766,-0.217660,0.296213
1779153052960.140,1,0,0,0.082211,0.203805,0.342772,0.862882,0.106164,-0.150048,0.470796,0.088655,0.208353,0.333301,1,1,0,-0.019300,-0.215095,0.284937,-0.412269,-0.014806,-0.062261,0.908812,-0.023623,-0.218566,0.293792
1779153052993.473,1,0,0,0.081996,0.204079,0.342331,0.861441,0.106494,-0.150481,0.473216,0.087951,0.207420,0.333899,1,1,-1,-0.019450,-0.214464,0.285066,-0.412232,-0.013145,-0.062468,0.908840,-0.022480,-0.217238,0.292832
1779153053026.806,1,0,0,0.081842,0.204272,0.342010,0.859993,0.106823,-0.150913,0.475632,0.088848,0.206994,0.335285,1,1,0,-0.020141,-0.214039,0.285170,-0.412193,-0.011485,-0.062675,0.908866,-0.021304,-0.215839,0.291918
1779153053060.140,1,0,0,0.081745,0.204386,0.341806,0.858538,0.107151,-0.151344,0.478044,0.089613,0.205902,0.337177,1,1,-1,-0.021439,-0.214068,0.285201,-0.412153,-0.009824,-0.062881,0.908889,-0.018550,-0.214666,0.291215
1779153053093.473,1,0,0,0.081704,0.204424,0.341712,0.857075,0.107478,-0.151774,0.480453,0.088974,0.205772,0.338374,1,1,0,-0.023409,-0.214799,0.285114,-0.412113,-0.008164,-0.063088,0.908909,-0.015746,-0.213500,0.290519
1779153053126.806,1,0,0,0.081716,0.204387,0.341722,0.855606,0.107805,-0.152202,0.482857,0.089288,0.206231,0.339377,1,1,-1,-0.026030,-0.216385,0.284877,-0.412071,-0.006503,-0.063294,0.908928,-0.019856,-0.214924,0.282861
1779153053160.140,1,0,0,0.081778,0.204280,0.341831,0.854130,0.108130,-0.152629,0.485257,0.091028,0.205655,0.340066,1,1,-1,-0.028930,-0.218596,0.284526,-0.412028,-0.004842,-0.063500,0.908943,-0.024180,-0.216428,0.274987
1779153053193.473,1,0,0,0.081889,0.204103,0.342034,0.852646,0.108454,-0.153055,0.487654,0.091746,0.206068,0.341623,1,1,-1,-0.031650,-0.221106,0.284110,-0.411983,-0.003181,-0.063706,0.908956,-0.028504,-0.217932,0.267114
1779153053226.806,1,0,0,0.082044,0.203859,0.342325,0.851156,0.108778,-0.153480,0.490046,0.092966,0.207910,0.342390,1,1,-1,-0.033730,-0.223589,0.283681,-0.411938,-0.001521,-0.063912,0.908967,-0.032827,-0.219436,0.259240
1779153053260.140,1,0,0,0.082243,0.203552,0.342699,0.849658,0.109101,-0.153903,0.492434,0.093499,0.208558,0.343138,1,1,-1,-0.034711,-0.225719,0.283289,-0.411891,0.000140,-0.064118,0.908974,-0.037151,-0.220940,0.251366
1779153053293.473,1,0,0,0.082483,0.203182,0.343150,0.848154,0.109423,-0.154325,0.494819,0.097098,0.209729,0.343906,1,1,0,-0.034134,-0.227171,0.282987,-0.411843,0.001801,-0.064323,0.908980,-0.041475,-0.222444,0.243493
1779153053326.806,1,0,0,0.082761,0.202753,0.343672,0.846642,0.109744,-0.154746,0.497199,0.097380,0.209455,0.344654,1,1,0,-0.031539,-0.227619,0.282824,-0.411795,0.003461,-0.064528,0.908983,-0.045799,-0.223948,0.235619
1779153053360.140,1,0,0,0.083075,0.202268,0.344261,0.845124,0.110064,-0.155166,0.499575,0.096586,0.208448,0.345330,1,1,-1,-0.026466,-0.226737,0.282851,-0.411745,0.005122,-0.064733,0.908983,-0.027667,-0.219593,0.250051
1779153053393.473,1,0,0,0.083422,0.201727,0.344910,0.843598,0.110383,-0.155584,0.501947,0.096586,0.208803,0.344935,1,1,0,-0.019657,-0.224281,0.283138,-0.411693,0.006783,-0.064938,0.908981,-0.008890,-0.215071,0.265124
1779153053426.806,1,0,0,0.083800,0.201135,0.345614,0.842066,0.110701,-0.156001,0.504315,0.096816,0.208894,0.344597,1,1,-1,-0.016645,-0.220336,0.283828,-0.411641,0.008444,-0.065143,0.908976,-0.016750,-0.211894,0.266450
1779153053460.140,1,0,0,0.084206,0.200492,0.346369,0.840527,0.111018,-0.156417,0.506679,0.097806,0.208682,0.344404,1,1,-1,-0.022101,-0.215055,0.285026,-0.411587,0.010104,-0.065347,0.908968,-0.025353,-0.208754,0.267392
1779153053493.473,1,0,0,0.084639,0.199803,0.347167,0.838981,0.111335,-0.156831,0.509038,0.098989,0.208485,0.344034,1,1,-1,-0.032433,-0.208547,0.286606,-0.411533,0.011765,-0.065552,0.908958,-0.033955,-0.205615,0.268335
1779153053526.806,1,0,0,0.085095,0.199069,0.348004,0.837428,0.111650,-0.157244,0.511394,0.099938,0.207597,0.342827,1,1,0,-0.042930,-0.200911,0.288413,-0.411477,0.013426,-0.065756,0.908946,-0.042558,-0.202475,0.269277
1779153053560.140,1,0,0,0.085572,0.198292,0.348874,0.835868,0.111965,-0.157656,0.513745,0.100777,0.207076,0.342545,0,0,-1,0.000000,0.000000,0.000000,0.000000,0.000000,0.000000,0.000000,0.000000,0.000000,0.000000
1779153053593.473,1,0,0,0.086068,0.197475,0.349772,0.834301,0.112278,-0.158067,0.516092,0.100716,0.206436,0.343321,0,0,-1,0.000000,0.000000,0.000000,0.000000,0.000000,0.000000,0.000000,0.000000,0.000000,0.000000
1779153053626.806,1,0,0,0.086579,0.196621,0.350692,0.832727,0.112591,-0.158476,0.518435,0.101824,0.205723,0.342974,0,0,-1,0.000000,0.000000,0.000000,0.000000,0.000000,0.000000,0.000000,0.000000,0.000000,0.000000
1779153053660.140,1,0,0,0.087105,0.195731,0.351628,0.831146,0.112903,-0.158884,0.520773,0.102850,0.204919,0.343462,0,0,-1,0.000000,0.000000,0.000000,0.000000,0.000000,0.000000,0.000000,0.000000,0.000000,0.000000
1779153053693.473,1,0,0,0.087642,0.194809,0.352576,0.829559,0.113214,-0.159291,0.523107,0.103336,0.204066,0.344422,0,0,-1,0.000000,0.000000,0.000000,0.000000,0.000000,0.000000,0.000000,0.000000,0.000000,0.000000
1779153053726.806,1,0,0,0.088188,0.193856,0.353530,0.827965,0.113524,-0.159696,0.525437,0.103093,0.202489,0.345271,0,0,-1,0.000000,0.000000,0.000000,0.000000,0.000000,0.000000,0.000000,0.000000,0.000000,0.000000
1779153053760.140,1,0,0,0.088741,0.192875,0.354483,0.826364,0.113833,-0.160100,0.527762,0.102820,0.201207,0.346979,0,0,-1,0.000000,0.000000,0.000000,0.000000,0.000000,0.000000,0.000000,0.000000,0.000000,0.000000
1779153053793.473,1,0,0,0.089297,0.191869,0.355432,0.824756,0.114141,-0.160503,0.530084,0.103046,0.199416,0.348741,0,0,-1,0.000000,0.000000,0.000000,0.000000,0.000000,0.000000,0.000000,0.000000,0.000000,0.000000
1779153053826.806,1,0,0,0.089855,0.190840,0.356369,0.823141,0.114448,-0.160904,0.532400,0.103477,0.197597,0.349619,0,0,-1,0.000000,0.000000,0.000000,0.000000,0.000000,0.000000,0.000000,0.000000,0.000000,0.000000
1779153053860.140,1,0,0,0.090412,0.189790,0.357291,0.821520,0.114754,-0.161304,0.534713,0.103365,0.194997,0.350084,0,0,-1,0.000000,0.000000,0.000000,0.000000,0.000000,0.000000,0.000000,0.000000,0.000000,0.000000
1779153053893.473,1,0,0,0.090965,0.188722,0.358190,0.819892,0.115059,-0.161703,0.537021,0.102474,0.192934,0.350370,0,0,-1,0.000000,0.000000,0.000000,0.000000,0.000000,0.000000,0.000000,0.000000,0.000000,0.000000
1779153053926.806,1,0,0,0.091513,0.187638,0.359063,0.818257,0.115363,-0.162100,0.539325,0.102651,0.192116,0.351502,0,0,-1,0.000000,0.000000,0.000000,0.000000,0.000000,0.000000,0.000000,0.000000,0.000000,0.000000
1779153053960.140,1,0,0,0.092053,0.186541,0.359902,0.816615,0.115667,-0.162496,0.541624,0.103201,0.191183,0.352603,0,0,-1,0.000000,0.000000,0.000000,0.000000,0.000000,0.000000,0.000000,0.000000,0.000000,0.000000
1779153053993.473,1,0,0,0.092582,0.185433,0.360703,0.814967,0.115969,-0.162891,0.543918,0.102658,0.189265,0.353182,0,0,-1,0.000000,0.000000,0.000000,0.000000,0.000000,0.000000,0.000000,0.000000,0.000000,0.000000
1779153054026.806,1,0,0,0.093097,0.184316,0.361461,0.813311,0.116271,-0.163284,0.546209,0.102358,0.187269,0.354927,0,0,-1,0.000000,0.000000,0.000000,0.000000,0.000000,0.000000,0.000000,0.000000,0.000000,0.000000
1779153054060.140,1,0,0,0.093597,0.183193,0.362169,0.811650,0.116571,-0.163676,0.548494,0.102089,0.184136,0.356059,0,0,-1,0.000000,0.000000,0.000000,0.000000,0.000000,0.000000,0.000000,0.000000,0.000000,0.000000
1779153054093.473,1,0,0,0.094079,0.182066,0.362823,0.809981,0.116870,-0.164067,0.550776,0.101653,0.181688,0.356389,0,0,-1,0.000000,0.000000,0.000000,0.000000,0.000000,0.000000,0.000000,0.000000,0.000000,0.000000
1779153054126.806,1,0,0,0.094541,0.180938,0.363416,0.808306,0.117169,-0.164456,0.553052,0.101839,0.180362,0.356674,0,0,-1,0.000000,0.000000,0.000000,0.000000,0.000000,0.000000,0.000000,0.000000,0.000000,0.000000
1779153054160.140,1,0,0,0.094979,0.179812,0.363944,0.806624,0.117467,-0.164844,0.555324,0.102367,0.180568,0.357601,0,0,-1,0.000000,0.000000,0.000000,0.000000,0.000000,0.000000,0.000000,0.000000,0.000000,0.000000
1779153054193.473,1,0,0,0.095393,0.178688,0.364400,0.804936,0.117763,-0.165231,0.557592,0.102581,0.180963,0.358010,0,0,-1,0.000000,0.000000,0.000000,0.000000,0.000000,0.000000,0.000000,0.000000,0.000000,0.000000
1779153054226.806,1,0,0,0.095778,0.177571,0.364779,0.803241,0.118059,-0.165616,0.559855,0.102201,0.180664,0.357783,0,0,-1,0.000000,0.000000,0.000000,0.000000,0.000000,0.000000,0.000000,0.000000,0.000000,0.000000
1779153054260.140,1,0,0,0.096133,0.176462,0.365077,0.801539,0.118354,-0.166000,0.562113,0.102681,0.180174,0.358734,0,0,-1,0.000000,0.000000,0.000000,0.000000,0.000000,0.000000,0.000000,0.000000,0.000000,0.000000
1779153054293.473,1,0,0,0.096456,0.175364,0.365286,0.799831,0.118647,-0.166383,0.564367,0.103310,0.180082,0.360023,0,0,-1,0.000000,0.000000,0.000000,0.000000,0.000000,0.000000,0.000000,0.000000,0.000000,0.000000
1779153054326.806,1,0,0,0.096743,0.174280,0.365403,0.798116,0.118940,-0.166764,0.566616,0.103275,0.179737,0.362278,0,0,-1,0.000000,0.000000,0.000000,0.000000,0.000000,0.000000,0.000000,0.000000,0.000000,0.000000
1779153054360.140,1,0,0,0.096992,0.173210,0.365420,0.796395,0.119232,-0.167144,0.568861,0.102553,0.177571,0.363455,0,0,-1,0.000000,0.000000,0.000000,0.000000,0.000000,0.000000,0.000000,0.000000,0.000000,0.000000
1779153054393.473,1,0,0,0.097202,0.172159,0.365334,0.794667,0.119522,-0.167522,0.571100,0.101756,0.174751,0.363855,0,0,-1,0.000000,0.000000,0.000000,0.000000,0.000000,0.000000,0.000000,0.000000,0.000000,0.000000
1779153054426.806,1,0,0,0.097369,0.171129,0.365137,0.792932,0.119812,-0.167899,0.573335,0.101681,0.172218,0.364933,0,0,-1,0.000000,0.000000,0.000000,0.000000,0.000000,0.000000,0.000000,0.000000,0.000000,0.000000
1779153054460.140,1,0,0,0.097491,0.170121,0.364826,0.791191,0.120101,-0.168275,0.575566,0.100601,0.168994,0.366848,0,0,-1,0.000000,0.000000,0.000000,0.000000,0.000000,0.000000,0.000000,0.000000,0.000000,0.000000
1779153054493.473,1,0,0,0.097565,0.169139,0.364394,0.789444,0.120389,-0.168649,0.577791,0.099532,0.164392,0.367468,0,0,-1,0.000000,0.000000,0.000000,0.000000,0.000000,0.000000,0.000000,0.000000,0.000000,0.000000
1779153054526.806,1,0,0,0.097590,0.168184,0.363835,0.787690,0.120676,-0.169022,0.580012,0.099248,0.159939,0.367401,0,0,-1,0.000000,0.000000,0.000000,0.000000,0.000000,0.000000,0.000000,0.000000,0.000000,0.000000
1779153054560.140,1,0,0,0.097563,0.167260,0.363145,0.785929,0.120961,-0.169393,0.582228,0.097650,0.156106,0.368675,0,0,0,0.002198,0.121614,0.407427,0.522180,-0.071167,-0.248086,0.812845,0.002198,0.121614,0.407427
1779153054593.473,1,0,0,0.097480,0.166368,0.362318,0.784162,0.121246,-0.169763,0.584440,0.096088,0.151749,0.366663,0,0,0,-0.060387,0.049679,0.408003,0.522439,-0.059148,-0.260066,0.809891,-0.060387,0.049679,0.408003
1779153054626.806,1,0,0,0.097341,0.165512,0.361348,0.782389,0.121530,-0.170132,0.586646,0.096204,0.151182,0.365302,0,0,0,-0.039984,0.055277,0.411906,0.546000,-0.041678,-0.235800,0.802836,-0.039984,0.055277,0.411906
1779153054660.140,1,0,0,0.097142,0.164692,0.360232,0.780609,0.121813,-0.170499,0.588848,0.096939,0.153051,0.365906,0,0,0,-0.041050,0.023682,0.392265,0.612583,-0.061454,-0.234040,0.752456,-0.041050,0.023682,0.392265
1779153054693.473,1,0,0,0.096887,0.163909,0.358977,0.778822,0.122095,-0.170865,0.591044,0.096422,0.154066,0.366108,0,0,-1,-0.042697,-0.008877,0.372041,0.675590,-0.081686,-0.231093,0.695343,-0.042697,-0.008877,0.372041
1779153054726.806,1,0,0,0.096578,0.163162,0.357588,0.777030,0.122376,-0.171230,0.593236,0.093843,0.154960,0.363644,0,0,0,-0.044343,-0.041437,0.351817,0.733429,-0.101294,-0.226379,0.632909,-0.044343,-0.041437,0.351817
1779153054760.140,1,0,0,0.096219,0.162452,0.356076,0.775231,0.122655,-0.171593,0.595423,0.092090,0.155250,0.360943,0,0,-1,-0.045990,-0.073996,0.331593,0.785657,-0.120128,-0.219933,0.565634,-0.045990,-0.073996,0.331593
1779153054793.473,1,0,0,0.095811,0.161776,0.354448,0.773425,0.122934,-0.171954,0.597606,0.091015,0.155148,0.359290,0,0,-1,-0.047637,-0.106556,0.311369,0.831875,-0.138042,-0.211804,0.494032,-0.047637,-0.106556,0.311369
1779153054826.806,1,0,0,0.095358,0.161134,0.352712,0.771613,0.123212,-0.172315,0.599783,0.089429,0.155548,0.357884,1,1,-1,-0.052023,-0.141945,0.300291,-0.408402,0.078114,-0.073567,0.906473,-0.049284,-0.139115,0.291145
1779153054860.140,1,0,0,0.094863,0.160527,0.350876,0.769795,0.123489,-0.172674,0.601955,0.088001,0.156025,0.356995,1,1,0,-0.047345,-0.175189,0.293608,-0.408301,0.079769,-0.073764,0.906359,-0.050931,-0.171675,0.270921
1779153054893.473,1,0,0,0.094328,0.159953,0.348947,0.767971,0.123765,-0.173031,0.604122,0.086568,0.156038,0.354482,0,0,-1,0.000000,0.000000,0.000000,0.000000,0.000000,0.000000,0.000000,0.000000,0.000000,0.000000
1779153054926.806,1,0,0,0.093757,0.159412,0.346935,0.766140,0.124039,-0.173387,0.606285,0.086740,0.156156,0.351947,0,0,-1,0.000000,0.000000,0.000000,0.000000,0.000000,0.000000,0.000000,0.000000,0.000000,0.000000
1779153054960.140,1,0,0,0.093153,0.158903,0.344847,0.764302,0.124313,-0.173742,0.608442,0.086296,0.156408,0.351029,0,0,-1,0.000000,0.000000,0.000000,0.000000,0.000000,0.000000,0.000000,0.000000,0.000000,0.000000
1779153054993.473,1,0,0,0.092518,0.158425,0.342691,0.762459,0.124586,-0.174095,0.610595,0.087080,0.156641,0.349240,0,0,-1,0.000000,0.000000,0.000000,0.000000,0.000000,0.000000,0.000000,0.000000,0.000000,0.000000
1779153055026.806,1,0,0,0.091855,0.157979,0.340475,0.760609,0.124857,-0.174446,0.612742,0.086272,0.156395,0.344778,0,0,-1,0.000000,0.000000,0.000000,0.000000,0.000000,0.000000,0.000000,0.000000,0.000000,0.000000
1779153055060.140,1,0,0,0.091167,0.157563,0.338208,0.758753,0.125128,-0.174797,0.614884,0.085607,0.156334,0.342014,0,0,-1,0.000000,0.000000,0.000000,0.000000,0.000000,0.000000,0.000000,0.000000,0.000000,0.000000
1779153055093.473,1,0,0,0.090458,0.157176,0.335896,0.756891,0.125398,-0.175145,0.617021,0.084862,0.156309,0.339405,0,0,-1,0.000000,0.000000,0.000000,0.000000,0.000000,0.000000,0.000000,0.000000,0.000000,0.000000
1779153055126.806,1,0,0,0.089729,0.156819,0.333549,0.755023,0.125666,-0.175493,0.619154,0.084682,0.156271,0.337587,0,0,-1,0.000000,0.000000,0.000000,0.000000,0.000000,0.000000,0.000000,0.000000,0.000000,0.000000
1779153055160.140,1,0,0,0.088985,0.156491,0.331174,0.753148,0.125934,-0.175839,0.621281,0.084999,0.155999,0.335250,0,0,-1,0.000000,0.000000,0.000000,0.000000,0.000000,0.000000,0.000000,0.000000,0.000000,0.000000
1779153055193.473,1,0,0,0.088227,0.156191,0.328780,0.751267,0.126200,-0.176183,0.623403,0.085272,0.155994,0.333654,0,0,-1,0.000000,0.000000,0.000000,0.000000,0.000000,0.000000,0.000000,0.000000,0.000000,0.000000
1779153055226.806,1,0,0,0.087459,0.155918,0.326373,0.749380,0.126466,-0.176526,0.625519,0.084740,0.156472,0.332490,0,0,-1,0.000000,0.000000,0.000000,0.000000,0.000000,0.000000,0.000000,0.000000,0.000000,0.000000
1779153055260.140,1,0,0,0.086683,0.155672,0.323963,0.747487,0.126730,-0.176868,0.627631,0.082655,0.156350,0.330561,0,0,-1,0.000000,0.000000,0.000000,0.000000,0.000000,0.000000,0.000000,0.000000,0.000000,0.000000
1779153055293.473,1,0,0,0.085903,0.155453,0.321558,0.745587,0.126994,-0.177208,0.629738,0.081254,0.156073,0.329233,0,0,-1,0.000000,0.000000,0.000000,0.000000,0.000000,0.000000,0.000000,0.000000,0.000000,0.000000
1779153055326.806,1,0,0,0.085122,0.155259,0.319164,0.743682,0.127256,-0.177547,0.631839,0.082154,0.156539,0.325959,0,0,-1,0.000000,0.000000,0.000000,0.000000,0.000000,0.000000,0.000000,0.000000,0.000000,0.000000
1779153055360.140,1,0,0,0.084341,0.155090,0.316792,0.741770,0.127517,-0.177884,0.633935,0.082449,0.156702,0.321188,0,0,-1,0.000000,0.000000,0.000000,0.000000,0.000000,0.000000,0.000000,0.000000,0.000000,0.000000
1779153055393.473,1,0,0,0.083565,0.154946,0.314447,0.739852,0.127777,-0.178220,0.636026,0.082509,0.157649,0.317065,0,0,-1,0.000000,0.000000,0.000000,0.000000,0.000000,0.000000,0.000000,0.000000,0.000000,0.000000
1779153055426.806,1,0,0,0.082797,0.154826,0.312140,0.737929,0.128037,-0.178554,0.638112,0.080782,0.157307,0.311125,0,0,-1,0.000000,0.000000,0.000000,0.000000,0.000000,0.000000,0.000000,0.000000,0.000000,0.000000
1779153055460.140,1,0,0,0.082038,0.154729,0.309876,0.735999,0.128295,-0.178887,0.640192,0.077959,0.156591,0.303932,0,0,-1,0.000000,0.000000,0.000000,0.000000,0.000000,0.000000,0.000000,0.000000,0.000000,0.000000
1779153055493.473,1,0,0,0.081292,0.154655,0.307666,0.734063,0.128552,-0.179218,0.642267,0.077190,0.156979,0.298402,0,0,-1,0.000000,0.000000,0.000000,0.000000,0.000000,0.000000,0.000000,0.000000,0.000000,0.000000
1779153055526.806,1,0,0,0.080562,0.154604,0.305516,0.732121,0.128808,-0.179548,0.644337,0.078004,0.157542,0.294553,0,0,-1,0.000000,0.000000,0.000000,0.000000,0.000000,0.000000,0.000000,0.000000,0.000000,0.000000
1779153055560.140,1,0,0,0.079851,0.154574,0.303434,0.730173,0.129063,-0.179876,0.646402,0.079098,0.157687,0.291444,0,0,-1,0.000000,0.000000,0.000000,0.000000,0.000000,0.000000,0.000000,0.000000,0.000000,0.000000
1779153055593.473,1,0,0,0.079161,0.154565,0.301429,0.728219,0.129317,-0.180203,0.648461,0.077256,0.157463,0.289228,0,0,-1,0.000000,0.000000,0.000000,0.000000,0.000000,0.000000,0.000000,0.000000,0.000000,0.000000
1779153055626.806,1,0,0,0.078496,0.154576,0.299509,0.726259,0.129570,-0.180529,0.650515,0.077735,0.157447,0.289662,0,0,-1,0.000000,0.000000,0.000000,0.000000,0.000000,0.000000,0.000000,0.000000,0.000000,0.000000
1779153055660.140,1,0,0,0.077858,0.154607,0.297681,0.724293,0.129821,-0.180853,0.652563,0.076989,0.157688,0.288683,0,0,-1,0.000000,0.000000,0.000000,0.000000,0.000000,0.000000,0.000000,0.000000,0.000000,0.000000
1779153055693.473,1,0,0,0.077251,0.154658,0.295955,0.722321,0.130072,-0.181175,0.654607,0.077556,0.157784,0.289492,0,0,-1,0.000000,0.000000,0.000000,0.000000,0.000000,0.000000,0.000000,0.000000,0.000000,0.000000
1779153055726.806,1,0,0,0.076677,0.154727,0.294337,0.720343,0.130322,-0.181496,0.656644,0.077000,0.157799,0.289817,0,0,-1,0.000000,0.000000,0.000000,0.000000,0.000000,0.000000,0.000000,0.000000,0.000000,0.000000
1779153055760.140,1,0,0,0.076139,0.154815,0.292835,0.718359,0.130570,-0.181816,0.658677,0.077492,0.157792,0.288793,0,0,-1,0.000000,0.000000,0.000000,0.000000,0.000000,0.000000,0.000000,0.000000,0.000000,0.000000
1779153055793.473,1,0,0,0.075640,0.154920,0.291459,0.716369,0.130818,-0.182133,0.660704,0.078376,0.158072,0.288876,0,0,-1,0.000000,0.000000,0.000000,0.000000,0.000000,0.000000,0.000000,0.000000,0.000000,0.000000
1779153055826.806,1,0,0,0.075183,0.155042,0.290215,0.714373,0.131064,-0.182450,0.662725,0.077210,0.157496,0.288609,0,0,-1,0.000000,0.000000,0.000000,0.000000,0.000000,0.000000,0.000000,0.000000,0.000000,0.000000
1779153055860.140,1,0,0,0.074772,0.155180,0.289113,0.712372,0.131309,-0.182765,0.664741,0.076831,0.157119,0.288407,0,0,-1,0.000000,0.000000,0.000000,0.000000,0.000000,0.000000,0.000000,0.000000,0.000000,0.000000
1779153055893.473,1,0,0,0.074407,0.155334,0.288159,0.710365,0.131554,-0.183078,0.666752,0.077362,0.157292,0.288992,0,0,-1,0.000000,0.000000,0.000000,0.000000,0.000000,0.000000,0.000000,0.000000,0.000000,0.000000
1779153055926.806,1,0,0,0.074094,0.155503,0.287362,0.708351,0.131797,-0.183390,0.668757,0.077735,0.157116,0.289296,0,0,-1,0.000000,0.000000,0.000000,0.000000,0.000000,0.000000,0.000000,0.000000,0.000000,0.000000
1779153055960.140,1,0,0,0.073834,0.155687,0.286730,0.706332,0.132039,-0.183701,0.670757,0.075833,0.156364,0.288078,0,0,-1,0.000000,0.000000,0.000000,0.000000,0.000000,0.000000,0.000000,0.000000,0.000000,0.000000
1779153055993.473,1,0,0,0.073631,0.155885,0.286271,0.704584,0.132990,-0.184752,0.672118,0.076771,0.156175,0.288576,0,0,-1,0.000000,0.000000,0.000000,0.000000,0.000000,0.000000,0.000000,0.000000,0.000000,0.000000
1779153056026.806,1,0,0,0.073487,0.156096,0.285993,0.702830,0.133939,-0.185802,0.673474,0.077758,0.157213,0.288700,0,0,-1,0.000000,0.000000,0.000000,0.000000,0.000000,0.000000,0.000000,0.000000,0.000000,0.000000
1779153056060.140,1,0,0,0.073405,0.156320,0.285904,0.701072,0.134888,-0.186850,0.674826,0.079077,0.156803,0.289624,0,0,-1,0.000000,0.000000,0.000000,0.000000,0.000000,0.000000,0.000000,0.000000,0.000000,0.000000
1779153056093.473,1,0,0,0.073388,0.156556,0.286012,0.699309,0.135836,-0.187898,0.676173,0.077454,0.156506,0.287979,0,0,-1,0.000000,0.000000,0.000000,0.000000,0.000000,0.000000,0.000000,0.000000,0.000000,0.000000
1779153056126.806,1,0,0,0.073440,0.156805,0.286326,0.697541,0.136783,-0.188944,0.677515,0.077065,0.156749,0.288137,0,0,-1,0.000000,0.000000,0.000000,0.000000,0.000000,0.000000,0.000000,0.000000,0.000000,0.000000
1779153056160.140,1,0,0,0.073563,0.157064,0.286852,0.695768,0.137730,-0.189989,0.678853,0.079095,0.157570,0.288341,0,0,-1,0.000000,0.000000,0.000000,0.000000,0.000000,0.000000,0.000000,0.000000,0.000000,0.000000
1779153056193.473,1,0,0,0.073759,0.157333,0.287600,0.693990,0.138675,-0.191032,0.680186,0.079378,0.156552,0.287268,0,0,-1,0.000000,0.000000,0.000000,0.000000,0.000000,0.000000,0.000000,0.000000,0.000000,0.000000
1779153056226.806,1,0,0,0.074033,0.157613,0.288577,0.692208,0.139619,-0.192074,0.681515,0.081126,0.157359,0.287919,0,0,-1,0.000000,0.000000,0.000000,0.000000,0.000000,0.000000,0.000000,0.000000,0.000000,0.000000
1779153056260.140,1,0,0,0.074386,0.157902,0.289791,0.690420,0.140562,-0.193115,0.682838,0.080907,0.157362,0.287982,0,0,-1,0.000000,0.000000,0.000000,0.000000,0.000000,0.000000,0.000000,0.000000,0.000000,0.000000
1779153056293.473,1,0,0,0.074821,0.158199,0.291250,0.688629,0.141505,-0.194155,0.684157,0.081368,0.157582,0.288272,1,0,0,-0.126583,-0.182706,0.294413,-0.402845,0.150682,-0.082003,0.899047,-0.126008,-0.186519,0.313767
1779153056326.806,1,0,0,0.075342,0.158505,0.292962,0.686832,0.142446,-0.195193,0.685471,0.080816,0.157336,0.288087,0,0,-1,0.000000,0.000000,0.000000,0.000000,0.000000,0.000000,0.000000,0.000000,0.000000,0.000000
