ts_ms,valid_L,interp_L,side_L,pLx,pLy,pLz,qLx,qLy,qLz,qLw,valid_R,interp_R,side_R,pRx,pRy,pRz,qRx,qRy,qRz,qRw
1779153048993.473,0,0,-1,0.000000,0.000000,0.000000,0.000000,0.000000,0.000000,0.000000,1,0,0,-0.052300,-0.182273,0.259545,0.196591,-0.285703,-0.777417,0.524734
1779153049026.806,0,0,-1,0.000000,0.000000,0.000000,0.000000,0.000000,0.000000,0.000000,0,0,-1,0.000000,0.000000,0.000000,0.000000,0.000000,0.000000,0.000000
1779153049060.140,0,0,-1,0.000000,0.000000,0.000000,0.000000,0.000000,0.000000,0.000000,0,0,-1,0.000000,0.000000,0.000000,0.000000,0.000000,0.000000,0.000000
1779153049093.473,1,0,0,0.031475,0.246265,0.264681,0.692703,0.219844,-0.149578,0.670416,0,0,-1,0.000000,0.000000,0.000000,0.000000,0.000000,0.000000,0.000000
1779153049126.806,1,0,0,0.033220,0.245842,0.267670,0.685496,0.211999,-0.147997,0.680624,0,0,-1,0.000000,0.000000,0.000000,0.000000,0.000000,0.000000,0.000000
1779153049160.140,1,0,0,0.033486,0.245067,0.269574,0.693227,0.208306,-0.138543,0.675908,0,0,-1,0.000000,0.000000,0.000000,0.000000,0.000000,0.000000,0.000000
1779153049193.473,1,0,0,0.032892,0.244231,0.271526,0.707959,0.210040,-0.144034,0.658735,0,0,-1,0.000000,0.000000,0.000000,0.000000,0.000000,0.000000,0.000000
1779153049226.806,1,0,0,0.033067,0.244066,0.272937,0.701951,0.210696,-0.143435,0.665056,1,0,0,-0.126453,-0.207530,0.296232,-0.338939,0.029521,0.261179,0.903346
1779153049260.140,1,0,0,0.032897,0.244207,0.273275,0.704246,0.211295,-0.124590,0.666235,1,0,0,-0.123478,-0.202203,0.303992,-0.159409,0.134544,0.242725,0.947402
1779153049293.473,1,0,0,0.033366,0.243722,0.275381,0.711979,0.211186,-0.143445,0.654148,1,1,0,-0.105057,-0.198656,0.299861,-0.181914,-0.010248,0.021706,0.983022
1779153049326.806,1,0,0,0.034664,0.243812,0.277257,0.702859,0.206947,-0.145897,0.664738,1,1,-1,-0.086431,-0.195141,0.295559,-0.194238,-0.157889,-0.203551,0.946525
1779153049360.140,1,0,0,0.035631,0.243940,0.277889,0.720304,0.218542,-0.137573,0.643797,1,1,0,-0.067806,-0.191626,0.291258,-0.192184,-0.293844,-0.413742,0.839964
1779153049393.473,1,0,0,0.035738,0.243828,0.279810,0.709908,0.212174,-0.134461,0.657977,1,1,0,-0.049180,-0.188110,0.286957,-0.175904,-0.408047,-0.593305,0.671226
1779153049426.806,1,0,0,0.037119,0.243505,0.282197,0.716047,0.217334,-0.145102,0.647292,1,1,1,-0.030555,-0.184595,0.282656,-0.146604,-0.492045,-0.728950,0.452804
1779153049460.140,0,0,-1,0.000000,0.000000,0.000000,0.000000,0.000000,0.000000,0.000000,1,0,0,-0.114287,-0.215181,0.284280,0.502753,-0.015536,-0.297825,-0.811356
1779153049493.473,0,0,-1,0.000000,0.000000,0.000000,0.000000,0.000000,0.000000,0.000000,1,0,1,-0.033240,-0.185796,0.281451,-0.169243,-0.472853,-0.725106,0.471157
1779153049526.806,0,0,-1,0.000000,0.000000,0.000000,0.000000,0.000000,0.000000,0.000000,1,0,0,-0.063036,-0.179990,0.288351,0.044659,-0.086554,-0.081597,-0.991895
1779153049560.140,1,0,0,0.036826,0.240912,0.283593,0.712365,0.202151,-0.135453,0.658273,1,0,1,-0.032365,-0.183041,0.284679,-0.112923,-0.503124,-0.711743,0.477008
1779153049593.473,1,0,0,0.038877,0.240130,0.283893,0.702084,0.202161,-0.140757,0.668129,1,0,1,-0.031568,-0.182844,0.281614,0.120839,0.499664,0.730173,-0.450090
1779153049626.806,1,0,0,0.039565,0.240453,0.284590,0.682733,0.199457,-0.146634,0.687452,1,0,0,-0.123162,-0.210978,0.290290,0.435647,0.001139,-0.293298,-0.850992
1779153049660.140,1,0,0,0.039525,0.238847,0.285092,0.706651,0.192074,-0.161535,0.661557,1,0,1,-0.034566,-0.184936,0.280675,-0.147353,-0.490006,-0.713655,0.478411
1779153049693.473,0,0,-1,0.000000,0.000000,0.000000,0.000000,0.000000,0.000000,0.000000,0,0,-1,0.000000,0.000000,0.000000,0.000000,0.000000,0.000000,0.000000
1779153049726.806,0,0,-1,0.000000,0.000000,0.000000,0.000000,0.000000,0.000000,0.000000,0,0,-1,0.000000,0.000000,0.000000,0.000000,0.000000,0.000000,0.000000
1779153049760.140,1,0,0,0.042717,0.235965,0.289755,0.685748,0.186174,-0.164169,0.684206,1,0,0,-0.123000,-0.207836,0.294762,0.336240,-0.010397,-0.286324,-0.897136
1779153049793.473,1,0,0,0.043669,0.234559,0.292099,0.688008,0.186695,-0.174871,0.679124,1,0,1,-0.033499,-0.189715,0.278637,-0.170073,-0.462054,-0.728298,0.476616
1779153049826.806,1,0,0,0.045621,0.233246,0.293311,0.695685,0.187473,-0.185781,0.668103,1,0,1,-0.030042,-0.187948,0.279176,0.128289,0.491471,0.738274,-0.443791
1779153049860.140,1,0,0,0.046102,0.232439,0.293070,0.687911,0.193694,-0.192394,0.672492,1,0,1,-0.028729,-0.189204,0.277370,0.129743,0.503378,0.727434,-0.447903
1779153049893.473,1,0,0,0.048001,0.231964,0.293309,0.673061,0.209590,-0.204855,0.679040,1,0,1,-0.028765,-0.189589,0.278453,0.127802,0.495693,0.725028,-0.460749
1779153049926.806,1,0,0,0.049577,0.231592,0.294533,0.668462,0.222187,-0.227580,0.672308,1,0,0,-0.121314,-0.217627,0.279736,0.512322,0.004849,-0.375433,-0.772368
1779153049960.140,1,0,0,0.050328,0.230793,0.295388,0.675797,0.233036,-0.234314,0.658855,1,0,0,-0.125879,-0.213869,0.293225,-0.469311,-0.137708,0.210410,0.846470
1779153049993.473,1,0,0,0.050785,0.230793,0.295870,0.677714,0.249272,-0.249278,0.645312,1,0,1,-0.031856,-0.191949,0.279624,-0.187916,-0.464055,-0.704861,0.502505
1779153050026.806,1,0,0,0.051656,0.231653,0.294880,0.672048,0.265246,-0.264110,0.638938,1,1,0,-0.073213,-0.202039,0.286030,0.372267,0.330266,0.309413,-0.810312
1779153050060.140,1,0,0,0.052864,0.232732,0.291611,0.668327,0.282086,-0.272891,0.631900,1,1,0,-0.120021,-0.213409,0.293261,-0.444570,-0.067055,0.239125,0.860628
1779153050093.473,1,0,0,0.053975,0.233788,0.288298,0.658736,0.300553,-0.293132,0.624346,1,0,1,-0.028542,-0.193393,0.279122,-0.176122,-0.497973,-0.696817,0.485232
1779153050126.806,1,0,0,0.056040,0.234128,0.286484,0.643805,0.311887,-0.312425,0.625006,1,1,1,-0.024809,-0.192367,0.278782,0.145654,0.524458,0.711126,-0.445004
1779153050160.140,1,0,0,0.058216,0.234194,0.285298,0.636761,0.315792,-0.326433,0.623099,1,1,1,-0.024784,-0.192145,0.279024,0.134740,0.546114,0.699627,-0.440598
1779153050193.473,1,0,0,0.059254,0.234530,0.283855,0.635263,0.316984,-0.325689,0.624411,1,0,0,-0.112146,-0.217496,0.282956,0.562144,0.088607,-0.354958,-0.741720
1779153050226.806,1,0,0,0.060546,0.234922,0.283057,0.632532,0.318069,-0.331607,0.623516,1,0,1,-0.029241,-0.191674,0.279910,-0.164715,-0.506369,-0.683532,0.499242
1779153050260.140,1,0,0,0.062057,0.234994,0.284086,0.633167,0.315837,-0.338001,0.620566,1,0,1,-0.024970,-0.189593,0.280673,0.123467,0.516707,0.707301,-0.466364
1779153050293.473,1,0,0,0.062125,0.234774,0.283501,0.664018,0.304521,-0.313635,0.606614,1,0,1,-0.026116,-0.187971,0.280610,0.114830,0.519507,0.697285,-0.480333
1779153050326.806,1,0,0,0.060408,0.234320,0.283585,0.656669,0.302230,-0.302031,0.621466,1,0,1,-0.024338,-0.190185,0.279727,0.141914,0.502929,0.708328,-0.474546
1779153050360.140,1,0,0,0.062040,0.234167,0.284703,0.687393,0.264096,-0.274947,0.618181,1,0,1,-0.023408,-0.190911,0.279717,0.125370,0.529732,0.699031,-0.463704
1779153050393.473,1,0,0,0.061314,0.233192,0.285491,0.718856,0.208854,-0.219776,0.625559,1,0,0,-0.115135,-0.210695,0.300797,0.339819,0.020113,-0.249445,-0.906585
1779153050426.806,1,0,0,0.063314,0.232393,0.286739,0.707880,0.193176,-0.188797,0.652644,1,0,0,-0.114181,-0.220427,0.280469,-0.611558,-0.198103,0.347626,0.682575
1779153050460.140,1,0,0,0.064352,0.231169,0.288062,0.738038,0.159512,-0.138648,0.640806,1,0,0,-0.115397,-0.221240,0.279672,-0.579519,-0.116928,0.372216,0.715501
1779153050493.473,1,0,0,0.066471,0.230263,0.288446,0.726183,0.151701,-0.113476,0.660884,1,0,0,-0.119774,-0.219843,0.299581,-0.439966,-0.039823,0.301202,0.845057
1779153050526.806,1,0,0,0.066836,0.228308,0.290247,0.700871,0.149947,-0.110070,0.688607,1,0,1,-0.025492,-0.198440,0.280362,-0.151628,-0.530277,-0.670037,0.496855
1779153050560.140,1,0,0,0.067462,0.228061,0.290084,0.704642,0.163715,-0.100090,0.683125,1,1,1,-0.029369,-0.199761,0.281469,0.040792,0.489223,0.715481,-0.497074
1779153050593.473,1,0,0,0.069600,0.225753,0.292444,0.747097,0.142684,-0.118726,0.638272,1,1,0,-0.036959,-0.201939,0.283371,-0.055048,0.434616,0.728826,-0.526204
1779153050626.806,1,0,0,0.072528,0.223466,0.295404,0.789051,0.128097,-0.135663,0.585308,1,1,0,-0.044550,-0.204116,0.285272,0.150162,-0.374275,-0.732555,0.548391
1779153050660.140,1,0,0,0.073284,0.222334,0.297688,0.778445,0.138292,-0.137071,0.596750,1,1,-1,-0.043121,-0.208766,0.285939,0.201074,-0.269499,-0.682521,0.648926
1779153050693.473,1,0,0,0.075151,0.220869,0.298917,0.778432,0.142229,-0.138482,0.595514,1,1,0,-0.041382,-0.213502,0.286563,0.245126,-0.156144,-0.612655,0.734974
1779153050726.806,1,0,0,0.074981,0.218783,0.299866,0.786277,0.147172,-0.127077,0.586481,1,1,-1,-0.042182,-0.214442,0.288259,0.216286,-0.186221,-0.632647,0.719930
1779153050760.140,1,0,0,0.074938,0.217970,0.302507,0.792523,0.147646,-0.117129,0.579990,1,1,-1,-0.043064,-0.215259,0.289991,0.184521,-0.220515,-0.653971,0.699748
1779153050793.473,1,0,0,0.076428,0.216218,0.303122,0.783095,0.159847,-0.132280,0.586270,1,1,-1,-0.043946,-0.216075,0.291722,0.152194,-0.254137,-0.673301,0.677434
1779153050826.806,1,0,0,0.077475,0.215297,0.306679,0.782762,0.151136,-0.136170,0.588132,1,1,0,-0.044828,-0.216891,0.293454,0.119404,-0.286984,-0.690580,0.653056
1779153050860.140,1,0,0,0.078867,0.214449,0.309651,0.773056,0.149995,-0.126371,0.603254,1,0,0,-0.037978,-0.219055,0.295105,-0.001665,-0.204489,-0.603332,0.770826
1779153050893.473,1,0,0,0.078584,0.213830,0.310631,0.825595,0.139417,-0.139616,0.528643,1,1,-1,-0.042944,-0.220146,0.292240,-0.113629,-0.188268,-0.484232,0.846855
1779153050926.806,1,0,0,0.077827,0.212980,0.312409,0.810171,0.138041,-0.141983,0.551732,1,1,-1,-0.048267,-0.221204,0.289240,-0.221539,-0.168232,-0.349195,0.894808
1779153050960.140,1,0,0,0.078169,0.211470,0.315505,0.789082,0.142208,-0.118670,0.585699,1,1,-1,-0.053590,-0.222262,0.286240,-0.322232,-0.142714,-0.202780,0.913608
1779153050993.473,1,0,0,0.077026,0.211083,0.317142,0.793213,0.145479,-0.129892,0.576868,1,1,-1,-0.058914,-0.223320,0.283240,-0.412426,-0.112547,-0.049759,0.902642
1779153051026.806,0,0,-1,0.000000,0.000000,0.000000,0.000000,0.000000,0.000000,0.000000,1,1,-1,-0.064237,-0.224378,0.280240,-0.489182,-0.078713,0.104883,0.862267
1779153051060.140,0,0,-1,0.000000,0.000000,0.000000,0.000000,0.000000,0.000000,0.000000,1,1,-1,-0.069560,-0.225436,0.277240,-0.550002,-0.042314,0.256108,0.793799
1779153051093.473,0,0,-1,0.000000,0.000000,0.000000,0.000000,0.000000,0.000000,0.000000,1,1,0,-0.074884,-0.226494,0.274240,-0.592901,-0.004537,0.398989,0.699468
1779153051126.806,0,0,-1,0.000000,0.000000,0.000000,0.000000,0.000000,0.000000,0.000000,1,0,0,-0.031902,-0.216039,0.297050,0.048023,-0.189275,-0.386319,0.901458
1779153051160.140,0,0,-1,0.000000,0.000000,0.000000,0.000000,0.000000,0.000000,0.000000,1,0,0,-0.084727,-0.226856,0.286713,-0.511154,0.018932,0.287221,0.809857
1779153051193.473,0,0,-1,0.000000,0.000000,0.000000,0.000000,0.000000,0.000000,0.000000,1,0,0,-0.077462,-0.225572,0.281003,-0.518684,0.024458,0.252266,0.816536
1779153051226.806,0,0,-1,0.000000,0.000000,0.000000,0.000000,0.000000,0.000000,0.000000,1,0,0,-0.074871,-0.226769,0.281322,-0.531750,0.032349,0.256375,0.806516
1779153051260.140,1,0,0,0.079734,0.203961,0.334975,0.864659,0.133326,-0.117077,0.469981,1,0,0,-0.070125,-0.226921,0.283287,-0.582007,-0.054383,0.258396,0.769117
1779153051293.473,1,0,0,0.080062,0.201320,0.339362,0.865537,0.125298,-0.098306,0.474850,1,0,0,-0.071051,-0.226540,0.278993,-0.524540,0.068575,0.225078,0.818227
1779153051326.806,1,0,0,0.081704,0.198601,0.344291,0.874881,0.123846,-0.113983,0.454150,1,0,0,-0.071053,-0.224385,0.281804,-0.507637,0.025442,0.174000,0.843434
1779153051360.140,1,0,0,0.084001,0.196097,0.348283,0.903815,0.100438,-0.113843,0.400088,1,0,0,-0.055671,-0.228431,0.272510,-0.533498,0.068171,0.161485,0.827439
1779153051393.473,1,0,0,0.084022,0.194254,0.350456,0.896298,0.109441,-0.110929,0.415171,1,0,0,-0.055264,-0.227722,0.272920,-0.508164,0.117905,0.141626,0.841315
1779153051426.806,1,0,0,0.085689,0.192841,0.352055,0.915150,0.089707,-0.107764,0.377943,1,0,0,-0.034989,-0.237253,0.269677,-0.644958,0.110131,0.002615,0.756236
1779153051460.140,1,0,0,0.088197,0.190950,0.353393,0.915854,0.092743,-0.119800,0.371831,1,0,0,-0.032603,-0.230539,0.291989,-0.496706,0.112114,0.061483,0.858448
1779153051493.473,1,0,0,0.087644,0.189663,0.355476,0.899581,0.105573,-0.118406,0.406925,1,0,0,-0.027431,-0.237532,0.280115,-0.674111,0.026883,-0.085691,0.733150
1779153051526.806,1,0,0,0.087335,0.189214,0.354558,0.913541,0.088914,-0.144980,0.369483,1,0,0,-0.024358,-0.239414,0.277135,-0.724154,0.053030,-0.023711,0.687188
1779153051560.140,1,0,0,0.087436,0.189447,0.355851,0.916858,0.091557,-0.130777,0.365904,1,0,0,-0.038118,-0.231529,0.288323,-0.494167,0.197073,0.160615,0.831363
1779153051593.473,1,0,0,0.087015,0.189040,0.356817,0.902244,0.106128,-0.112464,0.402547,1,0,1,-0.009154,-0.217798,0.306446,0.076564,0.911127,0.393153,-0.097042
1779153051626.806,1,0,0,0.086778,0.188538,0.357620,0.926010,0.080542,-0.115919,0.350116,1,0,0,-0.018643,-0.213896,0.314777,-0.055190,0.343528,0.280371,-0.894614
1779153051660.140,1,0,0,0.085761,0.188522,0.358685,0.889403,0.104226,-0.124073,0.427441,1,0,1,-0.016763,-0.216662,0.313921,-0.146768,-0.879244,-0.397609,0.217475
1779153051693.473,1,0,0,0.087280,0.189854,0.359125,0.928112,0.080479,-0.134771,0.337591,1,0,1,-0.019794,-0.215329,0.312914,0.088546,0.931917,0.306786,-0.171968
1779153051726.806,1,0,0,0.086341,0.190660,0.359340,0.929129,0.078355,-0.134683,0.335321,1,0,0,-0.021019,-0.203832,0.320434,0.071827,0.329789,0.183920,-0.923176
1779153051760.140,1,0,0,0.085034,0.191223,0.360058,0.934463,0.072936,-0.133577,0.321896,1,0,0,-0.031575,-0.218957,0.303117,0.446087,-0.324049,-0.428525,0.715797
1779153051793.473,1,0,0,0.084257,0.191670,0.362116,0.917679,0.089936,-0.131822,0.363867,1,0,0,-0.032612,-0.223039,0.292213,0.547718,-0.309883,-0.479171,0.611860
1779153051826.806,1,0,0,0.083793,0.193090,0.362834,0.936770,0.082561,-0.108186,0.322400,1,0,0,-0.036131,-0.217938,0.294381,0.877508,-0.080213,-0.139210,-0.451847
1779153051860.140,1,0,0,0.083134,0.192265,0.364487,0.939572,0.078100,-0.115767,0.312575,1,0,0,-0.033866,-0.218369,0.292590,0.878211,0.018285,-0.076568,-0.471750
1779153051893.473,1,0,0,0.084838,0.191264,0.367394,0.923084,0.097571,-0.099036,0.358591,1,0,0,-0.035748,-0.219964,0.286288,0.910991,0.053761,-0.122732,-0.390054
1779153051926.806,1,0,0,0.085134,0.190077,0.368499,0.939059,0.070787,-0.103849,0.319958,1,0,0,-0.035508,-0.226519,0.271970,0.939003,-0.109560,-0.322614,-0.046804
1779153051960.140,1,0,0,0.086049,0.188027,0.369840,0.934766,0.080868,-0.102664,0.330352,1,0,0,-0.032448,-0.221422,0.285390,0.950733,-0.051735,-0.152556,-0.264871
1779153051993.473,1,0,0,0.085431,0.185545,0.371443,0.933385,0.082619,-0.109794,0.331530,1,0,0,-0.028014,-0.213068,0.303716,0.486031,-0.417077,-0.233670,0.731587
1779153052026.806,1,0,0,0.084912,0.182814,0.373194,0.935444,0.078423,-0.105649,0.328074,1,0,0,-0.021813,-0.204296,0.312947,-0.053449,-0.322143,-0.361067,0.873497
1779153052060.140,0,0,-1,0.000000,0.000000,0.000000,0.000000,0.000000,0.000000,0.000000,1,0,0,-0.027257,-0.217041,0.301919,0.408067,-0.467426,-0.136445,0.772254
1779153052093.473,1,0,0,0.088334,0.177062,0.377865,0.940447,0.048471,-0.123863,0.312837,1,0,0,-0.033959,-0.224047,0.285243,0.912126,-0.056995,-0.085640,-0.396791
1779153052126.806,1,0,0,0.084658,0.175490,0.379723,0.922261,0.068590,-0.098312,0.367511,1,0,0,-0.035212,-0.218970,0.292313,0.870595,0.039650,-0.032474,-0.489323
1779153052160.140,1,0,0,0.081529,0.171281,0.382246,0.926642,0.050324,-0.101260,0.358535,1,0,0,-0.035559,-0.220867,0.290255,0.745963,-0.101317,-0.129174,-0.645437
1779153052193.473,1,0,0,0.081670,0.171037,0.382372,0.932664,0.032816,-0.109777,0.342066,1,0,0,-0.026446,-0.205312,0.308328,-0.298088,-0.220757,-0.202699,0.906269
1779153052226.806,1,0,0,0.081295,0.171000,0.382741,0.931908,0.014517,-0.113405,0.344203,1,0,0,-0.038539,-0.222598,0.284461,-0.743486,0.175603,0.176363,0.620716
1779153052260.140,1,0,0,0.081030,0.170476,0.381840,0.937208,0.001568,-0.098852,0.334465,1,1,-1,-0.039041,-0.223647,0.283137,-0.771689,0.152713,0.162919,0.595510
1779153052293.473,1,0,0,0.081179,0.169612,0.382562,0.938625,-0.014663,-0.095268,0.331197,1,1,0,-0.039055,-0.224009,0.282761,-0.788472,0.112501,0.133267,0.589826
1779153052326.806,1,0,0,0.079015,0.169684,0.382878,0.937932,-0.026507,-0.086722,0.334753,1,1,-1,-0.038988,-0.221636,0.286762,-0.761697,0.050659,0.097628,0.638530
1779153052360.140,1,0,0,0.077240,0.169024,0.383497,0.938800,-0.051043,-0.085643,0.329720,1,1,0,-0.038918,-0.219158,0.290932,-0.726846,-0.012438,0.060943,0.683978
1779153052393.473,1,0,0,0.075060,0.168704,0.382599,0.932286,-0.058186,-0.084984,0.346750,1,0,0,-0.041787,-0.223739,0.281033,-0.711036,0.082147,0.166838,0.678119
1779153052426.806,1,0,0,0.073683,0.169929,0.380927,0.927288,-0.050961,-0.069272,0.364336,1,1,-1,-0.037245,-0.219733,0.288473,-0.279938,-0.163056,-0.078555,0.942803
1779153052460.140,1,0,0,0.073887,0.173114,0.377496,0.919357,-0.050584,-0.070219,0.383788,1,1,0,-0.032417,-0.215390,0.296594,0.276366,-0.354837,-0.304708,0.839563
1779153052493.473,1,0,0,0.077671,0.180008,0.371164,0.913968,-0.034029,-0.068787,0.398464,1,0,0,-0.025143,-0.211539,0.302996,0.111631,-0.305895,-0.308877,0.893623
1779153052526.806,1,0,0,0.079258,0.186833,0.363755,0.911796,-0.005891,-0.075414,0.403616,1,0,0,-0.039974,-0.218309,0.286116,-0.678666,0.088905,0.155177,0.712340
1779153052560.140,1,0,0,0.078955,0.194941,0.356724,0.912919,0.013374,-0.087016,0.398532,1,0,0,-0.041347,-0.219075,0.282778,-0.717776,0.094564,0.160382,0.670920
1779153052593.473,1,0,0,0.078309,0.201953,0.350030,0.916272,0.038135,-0.090531,0.388325,1,0,0,-0.038956,-0.215149,0.291652,-0.746153,-0.055702,0.085501,0.657908
1779153052626.806,1,0,0,0.083686,0.206693,0.344050,0.908294,0.062391,-0.094543,0.402704,1,0,0,-0.029188,-0.201847,0.308059,-0.442948,-0.162516,-0.057709,0.879804
1779153052660.140,1,0,0,0.083704,0.209408,0.339530,0.911526,0.097153,-0.106813,0.385061,1,1,-1,-0.027478,-0.205834,0.306763,-0.423102,-0.439694,-0.184786,0.770395
1779153052693.473,1,0,0,0.085099,0.210584,0.338237,0.924526,0.090292,-0.109644,0.353663,1,1,-1,-0.026066,-0.210451,0.304824,-0.369678,-0.675323,-0.290998,0.567977
1779153052726.806,1,0,0,0.085137,0.208951,0.338794,0.913620,0.101725,-0.108678,0.378338,1,1,1,-0.024653,-0.215068,0.302885,-0.275356,-0.836241,-0.365017,0.302724
1779153052760.140,1,0,0,0.087721,0.206691,0.341228,0.910864,0.098488,-0.123381,0.381320,1,0,1,-0.023635,-0.216751,0.302032,0.276863,0.849225,0.355221,-0.275648
1779153052793.473,1,0,0,0.085311,0.203306,0.342448,0.920116,0.101353,-0.118393,0.359302,1,1,-1,-0.024360,-0.217503,0.300713,0.028894,0.659591,0.487653,-0.571227
1779153052826.806,1,0,0,0.084956,0.201901,0.342546,0.927953,0.108883,-0.109983,0.339044,1,1,0,-0.025144,-0.218226,0.299377,0.233245,-0.323078,-0.520746,0.755010
1779153052860.140,1,0,0,0.085271,0.203385,0.339264,0.923682,0.113955,-0.119395,0.345789,1,0,1,-0.024602,-0.215237,0.301241,-0.157459,-0.863988,-0.344415,0.331829
1779153052893.473,1,0,0,0.086841,0.205822,0.336206,0.911969,0.128452,-0.123099,0.369675,1,0,0,-0.023926,-0.216731,0.298643,-0.281258,0.328662,0.480230,-0.763056
1779153052926.806,1,0,0,0.086194,0.207590,0.333962,0.903200,0.139407,-0.137485,0.381959,1,1,-1,-0.023766,-0.217660,0.296213,0.287347,-0.287807,-0.504584,0.761573
1779153052960.140,1,0,0,0.088655,0.208353,0.333301,0.872120,0.149872,-0.155905,0.438907,1,1,0,-0.023623,-0.218566,0.293792,0.280214,-0.270597,-0.530417,0.752937
1779153052993.473,1,0,0,0.087951,0.207420,0.333899,0.858450,0.148754,-0.132904,0.472518,1,1,-1,-0.022480,-0.217238,0.292832,0.303497,-0.306325,-0.487275,0.759353
1779153053026.806,1,0,0,0.088848,0.206994,0.335285,0.824748,0.158716,-0.133448,0.526109,1,1,0,-0.021304,-0.215839,0.291918,0.326536,-0.342519,-0.439970,0.763205
1779153053060.140,1,0,0,0.089613,0.205902,0.337177,0.808626,0.150607,-0.126335,0.554510,1,1,-1,-0.018550,-0.214666,0.291215,0.306881,-0.314122,-0.474922,0.762627
1779153053093.473,1,0,0,0.088974,0.205772,0.338374,0.791093,0.152702,-0.105920,0.582783,1,1,0,-0.015746,-0.213500,0.290519,0.285060,-0.282850,-0.511202,0.759875
1779153053126.806,1,0,0,0.089288,0.206231,0.339377,0.764025,0.155664,-0.117909,0.614924,1,1,-1,-0.019856,-0.214924,0.282861,0.437630,-0.317362,-0.551809,0.635034
1779153053160.140,1,0,0,0.091028,0.205655,0.340066,0.726776,0.169483,-0.139020,0.650957,1,1,-1,-0.024180,-0.216428,0.274987,0.576385,-0.340010,-0.568377,0.478665
1779153053193.473,1,0,0,0.091746,0.206068,0.341623,0.668951,0.184848,-0.173314,0.698784,1,1,-1,-0.028504,-0.217932,0.267114,0.689496,-0.347530,-0.559658,0.301002
1779153053226.806,1,0,0,0.092966,0.207910,0.342390,0.649462,0.173746,-0.173822,0.719581,1,1,-1,-0.032827,-0.219436,0.259240,0.771930,-0.339588,-0.526038,0.109946
1779153053260.140,1,0,0,0.093499,0.208558,0.343138,0.608433,0.185795,-0.180543,0.750129,1,1,-1,-0.037151,-0.220940,0.251366,0.820021,-0.316537,-0.469014,-0.086002
1779153053293.473,1,0,0,0.097098,0.209729,0.343906,0.608156,0.181138,-0.164427,0.755182,1,1,0,-0.041475,-0.222444,0.243493,0.831627,-0.279403,-0.391124,-0.278123
1779153053326.806,1,0,0,0.097380,0.209455,0.344654,0.623701,0.168311,-0.161138,0.746125,1,1,0,-0.045799,-0.223948,0.235619,0.806234,-0.229839,-0.295832,-0.457870
1779153053360.140,1,0,0,0.096586,0.208448,0.345330,0.607818,0.166058,-0.166570,0.758443,1,1,-1,-0.027667,-0.219593,0.250051,0.770914,-0.267453,-0.548586,0.182243
1779153053393.473,1,0,0,0.096586,0.208803,0.344935,0.584430,0.166742,-0.163401,0.777135,1,1,0,-0.008890,-0.215071,0.265124,0.348212,-0.172986,-0.534250,0.750600
1779153053426.806,1,0,0,0.096816,0.208894,0.344597,0.584259,0.162628,-0.155616,0.779729,1,1,-1,-0.016750,-0.211894,0.266450,0.323386,-0.194194,-0.538525,0.753459
1779153053460.140,1,0,0,0.097806,0.208682,0.344404,0.590040,0.161683,-0.175882,0.771218,1,1,-1,-0.025353,-0.208754,0.267392,0.313257,-0.220082,-0.547136,0.744363
1779153053493.473,1,0,0,0.098989,0.208485,0.344034,0.584668,0.156646,-0.178066,0.775834,1,1,-1,-0.033955,-0.205615,0.268335,0.302838,-0.245765,-0.555238,0.734575
1779153053526.806,1,0,0,0.099938,0.207597,0.342827,0.569040,0.155016,-0.170835,0.789290,1,1,0,-0.042558,-0.202475,0.269277,0.292137,-0.271219,-0.562824,0.724103
1779153053560.140,1,0,0,0.100777,0.207076,0.342545,0.551479,0.157607,-0.167233,0.801913,0,0,-1,0.000000,0.000000,0.000000,0.000000,0.000000,0.000000,0.000000
1779153053593.473,1,0,0,0.100716,0.206436,0.343321,0.523288,0.157067,-0.180623,0.817848,0,0,-1,0.000000,0.000000,0.000000,0.000000,0.000000,0.000000,0.000000
1779153053626.806,1,0,0,0.101824,0.205723,0.342974,0.511122,0.149972,-0.171963,0.828668,0,0,-1,0.000000,0.000000,0.000000,0.000000,0.000000,0.000000,0.000000
1779153053660.140,1,0,0,0.102850,0.204919,0.343462,0.519841,0.140573,-0.154702,0.828294,0,0,-1,0.000000,0.000000,0.000000,0.000000,0.000000,0.000000,0.000000
1779153053693.473,1,0,0,0.103336,0.204066,0.344422,0.535294,0.129685,-0.150935,0.820890,0,0,-1,0.000000,0.000000,0.000000,0.000000,0.000000,0.000000,0.000000
1779153053726.806,1,0,0,0.103093,0.202489,0.345271,0.527898,0.122279,-0.156527,0.825755,0,0,-1,0.000000,0.000000,0.000000,0.000000,0.000000,0.000000,0.000000
1779153053760.140,1,0,0,0.102820,0.201207,0.346979,0.543681,0.113635,-0.160294,0.815968,0,0,-1,0.000000,0.000000,0.000000,0.000000,0.000000,0.000000,0.000000
1779153053793.473,1,0,0,0.103046,0.199416,0.348741,0.553801,0.107626,-0.178333,0.806175,0,0,-1,0.000000,0.000000,0.000000,0.000000,0.000000,0.000000,0.000000
1779153053826.806,1,0,0,0.103477,0.197597,0.349619,0.552622,0.102833,-0.179464,0.807358,0,0,-1,0.000000,0.000000,0.000000,0.000000,0.000000,0.000000,0.000000
1779153053860.140,1,0,0,0.103365,0.194997,0.350084,0.561678,0.100318,-0.177083,0.801933,0,0,-1,0.000000,0.000000,0.000000,0.000000,0.000000,0.000000,0.000000
1779153053893.473,1,0,0,0.102474,0.192934,0.350370,0.571644,0.097357,-0.179516,0.794682,0,0,-1,0.000000,0.000000,0.000000,0.000000,0.000000,0.000000,0.000000
1779153053926.806,1,0,0,0.102651,0.192116,0.351502,0.572053,0.090796,-0.184085,0.794118,0,0,-1,0.000000,0.000000,0.000000,0.000000,0.000000,0.000000,0.000000
1779153053960.140,1,0,0,0.103201,0.191183,0.352603,0.573048,0.087318,-0.182199,0.794226,0,0,-1,0.000000,0.000000,0.000000,0.000000,0.000000,0.000000,0.000000
1779153053993.473,1,0,0,0.102658,0.189265,0.353182,0.597128,0.073854,-0.173501,0.779667,0,0,-1,0.000000,0.000000,0.000000,0.000000,0.000000,0.000000,0.000000
1779153054026.806,1,0,0,0.102358,0.187269,0.354927,0.614278,0.066763,-0.177192,0.766034,0,0,-1,0.000000,0.000000,0.000000,0.000000,0.000000,0.000000,0.000000
1779153054060.140,1,0,0,0.102089,0.184136,0.356059,0.608863,0.066040,-0.181778,0.769338,0,0,-1,0.000000,0.000000,0.000000,0.000000,0.000000,0.000000,0.000000
1779153054093.473,1,0,0,0.101653,0.181688,0.356389,0.603297,0.063876,-0.168438,0.776905,0,0,-1,0.000000,0.000000,0.000000,0.000000,0.000000,0.000000,0.000000
1779153054126.806,1,0,0,0.101839,0.180362,0.356674,0.612732,0.060513,-0.166765,0.770122,0,0,-1,0.000000,0.000000,0.000000,0.000000,0.000000,0.000000,0.000000
1779153054160.140,1,0,0,0.102367,0.180568,0.357601,0.620091,0.058688,-0.169491,0.763751,0,0,-1,0.000000,0.000000,0.000000,0.000000,0.000000,0.000000,0.000000
1779153054193.473,1,0,0,0.102581,0.180963,0.358010,0.621042,0.063022,-0.166838,0.763217,0,0,-1,0.000000,0.000000,0.000000,0.000000,0.000000,0.000000,0.000000
1779153054226.806,1,0,0,0.102201,0.180664,0.357783,0.616094,0.066219,-0.166504,0.767020,0,0,-1,0.000000,0.000000,0.000000,0.000000,0.000000,0.000000,0.000000
1779153054260.140,1,0,0,0.102681,0.180174,0.358734,0.617413,0.070896,-0.162079,0.766489,0,0,-1,0.000000,0.000000,0.000000,0.000000,0.000000,0.000000,0.000000
1779153054293.473,1,0,0,0.103310,0.180082,0.360023,0.616815,0.074772,-0.168178,0.765287,0,0,-1,0.000000,0.000000,0.000000,0.000000,0.000000,0.000000,0.000000
1779153054326.806,1,0,0,0.103275,0.179737,0.362278,0.612103,0.074143,-0.157629,0.771353,0,0,-1,0.000000,0.000000,0.000000,0.000000,0.000000,0.000000,0.000000
1779153054360.140,1,0,0,0.102553,0.177571,0.363455,0.609608,0.074498,-0.150784,0.774656,0,0,-1,0.000000,0.000000,0.000000,0.000000,0.000000,0.000000,0.000000
1779153054393.473,1,0,0,0.101756,0.174751,0.363855,0.633760,0.072619,-0.157489,0.753838,0,0,-1,0.000000,0.000000,0.000000,0.000000,0.000000,0.000000,0.000000
1779153054426.806,1,0,0,0.101681,0.172218,0.364933,0.658732,0.066508,-0.159781,0.732201,0,0,-1,0.000000,0.000000,0.000000,0.000000,0.000000,0.000000,0.000000
1779153054460.140,1,0,0,0.100601,0.168994,0.366848,0.671408,0.062403,-0.150463,0.722965,0,0,-1,0.000000,0.000000,0.000000,0.000000,0.000000,0.000000,0.000000
1779153054493.473,1,0,0,0.099532,0.164392,0.367468,0.680459,0.061526,-0.153579,0.713866,0,0,-1,0.000000,0.000000,0.000000,0.000000,0.000000,0.000000,0.000000
1779153054526.806,1,0,0,0.099248,0.159939,0.367401,0.695946,0.058448,-0.164684,0.696507,0,0,-1,0.000000,0.000000,0.000000,0.000000,0.000000,0.000000,0.000000
1779153054560.140,1,0,0,0.097650,0.156106,0.368675,0.688056,0.067409,-0.163998,0.703661,0,0,0,0.002198,0.121614,0.407427,0.522180,-0.071167,-0.248086,0.812845
1779153054593.473,1,0,0,0.096088,0.151749,0.366663,0.715039,0.068659,-0.179920,0.672037,0,0,0,-0.060387,0.049679,0.408003,0.522439,-0.059148,-0.260066,0.809891
1779153054626.806,1,0,0,0.096204,0.151182,0.365302,0.747643,0.069882,-0.178080,0.635951,0,0,0,-0.039984,0.055277,0.411906,0.546000,-0.041678,-0.235800,0.802836
1779153054660.140,1,0,0,0.096939,0.153051,0.365906,0.723530,0.079897,-0.168423,0.664646,0,0,0,-0.041050,0.023682,0.392265,0.612583,-0.061454,-0.234040,0.752456
1779153054693.473,1,0,0,0.096422,0.154066,0.366108,0.702854,0.088709,-0.161362,0.687087,0,0,-1,-0.042697,-0.008877,0.372041,0.675590,-0.081686,-0.231093,0.695343
1779153054726.806,1,0,0,0.093843,0.154960,0.363644,0.700520,0.089257,-0.159612,0.689803,0,0,0,-0.044343,-0.041437,0.351817,0.733429,-0.101294,-0.226379,0.632909
1779153054760.140,1,0,0,0.092090,0.155250,0.360943,0.717198,0.084702,-0.170939,0.670248,0,0,-1,-0.045990,-0.073996,0.331593,0.785657,-0.120128,-0.219933,0.565634
1779153054793.473,1,0,0,0.091015,0.155148,0.359290,0.718488,0.083785,-0.171955,0.668720,0,0,-1,-0.047637,-0.106556,0.311369,0.831875,-0.138042,-0.211804,0.494032
1779153054826.806,1,0,0,0.089429,0.155548,0.357884,0.701594,0.085884,-0.161463,0.688708,1,1,-1,-0.049284,-0.139115,0.291145,0.871729,-0.154900,-0.202055,0.418651
1779153054860.140,1,0,0,0.088001,0.156025,0.356995,0.709136,0.078519,-0.156473,0.682991,1,1,0,-0.050931,-0.171675,0.270921,0.904914,-0.170573,-0.190761,0.340066
1779153054893.473,1,0,0,0.086568,0.156038,0.354482,0.720504,0.082441,-0.167540,0.667838,0,0,-1,0.000000,0.000000,0.000000,0.000000,0.000000,0.000000,0.000000
1779153054926.806,1,0,0,0.086740,0.156156,0.351947,0.726447,0.088429,-0.176326,0.658304,0,0,-1,0.000000,0.000000,0.000000,0.000000,0.000000,0.000000,0.000000
1779153054960.140,1,0,0,0.086296,0.156408,0.351029,0.712619,0.089176,-0.152704,0.678898,0,0,-1,0.000000,0.000000,0.000000,0.000000,0.000000,0.000000,0.000000
1779153054993.473,1,0,0,0.087080,0.156641,0.349240,0.700218,0.087349,-0.153313,0.691780,0,0,-1,0.000000,0.000000,0.000000,0.000000,0.000000,0.000000,0.000000
1779153055026.806,1,0,0,0.086272,0.156395,0.344778,0.711892,0.089996,-0.164961,0.676682,0,0,-1,0.000000,0.000000,0.000000,0.000000,0.000000,0.000000,0.000000
1779153055060.140,1,0,0,0.085607,0.156334,0.342014,0.723843,0.089636,-0.168789,0.662969,0,0,-1,0.000000,0.000000,0.000000,0.000000,0.000000,0.000000,0.000000
1779153055093.473,1,0,0,0.084862,0.156309,0.339405,0.731691,0.088286,-0.171935,0.653661,0,0,-1,0.000000,0.000000,0.000000,0.000000,0.000000,0.000000,0.000000
1779153055126.806,1,0,0,0.084682,0.156271,0.337587,0.718782,0.093022,-0.171389,0.667326,0,0,-1,0.000000,0.000000,0.000000,0.000000,0.000000,0.000000,0.000000
1779153055160.140,1,0,0,0.084999,0.155999,0.335250,0.710680,0.096666,-0.184205,0.672056,0,0,-1,0.000000,0.000000,0.000000,0.000000,0.000000,0.000000,0.000000
1779153055193.473,1,0,0,0.085272,0.155994,0.333654,0.698490,0.099620,-0.182391,0.684778,0,0,-1,0.000000,0.000000,0.000000,0.000000,0.000000,0.000000,0.000000
1779153055226.806,1,0,0,0.084740,0.156472,0.332490,0.686448,0.103167,-0.183551,0.696027,0,0,-1,0.000000,0.000000,0.000000,0.000000,0.000000,0.000000,0.000000
1779153055260.140,1,0,0,0.082655,0.156350,0.330561,0.711460,0.104164,-0.178225,0.671722,0,0,-1,0.000000,0.000000,0.000000,0.000000,0.000000,0.000000,0.000000
1779153055293.473,1,0,0,0.081254,0.156073,0.329233,0.715882,0.105729,-0.183208,0.665409,0,0,-1,0.000000,0.000000,0.000000,0.000000,0.000000,0.000000,0.000000
1779153055326.806,1,0,0,0.082154,0.156539,0.325959,0.705188,0.103253,-0.197724,0.673018,0,0,-1,0.000000,0.000000,0.000000,0.000000,0.000000,0.000000,0.000000
1779153055360.140,1,0,0,0.082449,0.156702,0.321188,0.713937,0.107287,-0.190235,0.665277,0,0,-1,0.000000,0.000000,0.000000,0.000000,0.000000,0.000000,0.000000
1779153055393.473,1,0,0,0.082509,0.157649,0.317065,0.717302,0.106445,-0.172191,0.666706,0,0,-1,0.000000,0.000000,0.000000,0.000000,0.000000,0.000000,0.000000
1779153055426.806,1,0,0,0.080782,0.157307,0.311125,0.705524,0.110006,-0.188357,0.674281,0,0,-1,0.000000,0.000000,0.000000,0.000000,0.000000,0.000000,0.000000
1779153055460.140,1,0,0,0.077959,0.156591,0.303932,0.699173,0.114479,-0.192199,0.679052,0,0,-1,0.000000,0.000000,0.000000,0.000000,0.000000,0.000000,0.000000
1779153055493.473,1,0,0,0.077190,0.156979,0.298402,0.699515,0.120210,-0.192949,0.677495,0,0,-1,0.000000,0.000000,0.000000,0.000000,0.000000,0.000000,0.000000
1779153055526.806,1,0,0,0.078004,0.157542,0.294553,0.687290,0.124944,-0.208041,0.684646,0,0,-1,0.000000,0.000000,0.000000,0.000000,0.000000,0.000000,0.000000
1779153055560.140,1,0,0,0.079098,0.157687,0.291444,0.682919,0.132861,-0.212743,0.686083,0,0,-1,0.000000,0.000000,0.000000,0.000000,0.000000,0.000000,0.000000
1779153055593.473,1,0,0,0.077256,0.157463,0.289228,0.688179,0.126813,-0.202319,0.685125,0,0,-1,0.000000,0.000000,0.000000,0.000000,0.000000,0.000000,0.000000
1779153055626.806,1,0,0,0.077735,0.157447,0.289662,0.683691,0.129083,-0.199639,0.689963,0,0,-1,0.000000,0.000000,0.000000,0.000000,0.000000,0.000000,0.000000
1779153055660.140,1,0,0,0.076989,0.157688,0.288683,0.687165,0.130860,-0.202290,0.685389,0,0,-1,0.000000,0.000000,0.000000,0.000000,0.000000,0.000000,0.000000
1779153055693.473,1,0,0,0.077556,0.157784,0.289492,0.677681,0.137728,-0.194124,0.695770,0,0,-1,0.000000,0.000000,0.000000,0.000000,0.000000,0.000000,0.000000
1779153055726.806,1,0,0,0.077000,0.157799,0.289817,0.669918,0.138954,-0.191804,0.703643,0,0,-1,0.000000,0.000000,0.000000,0.000000,0.000000,0.000000,0.000000
1779153055760.140,1,0,0,0.077492,0.157792,0.288793,0.695211,0.132191,-0.200818,0.677406,0,0,-1,0.000000,0.000000,0.000000,0.000000,0.000000,0.000000,0.000000
1779153055793.473,1,0,0,0.078376,0.158072,0.288876,0.682681,0.137964,-0.210004,0.686157,0,0,-1,0.000000,0.000000,0.000000,0.000000,0.000000,0.000000,0.000000
1779153055826.806,1,0,0,0.077210,0.157496,0.288609,0.686498,0.140035,-0.194172,0.686592,0,0,-1,0.000000,0.000000,0.000000,0.000000,0.000000,0.000000,0.000000
1779153055860.140,1,0,0,0.076831,0.157119,0.288407,0.690687,0.137650,-0.197522,0.681901,0,0,-1,0.000000,0.000000,0.000000,0.000000,0.000000,0.000000,0.000000
1779153055893.473,1,0,0,0.077362,0.157292,0.288992,0.705436,0.134138,-0.195235,0.668020,0,0,-1,0.000000,0.000000,0.000000,0.000000,0.000000,0.000000,0.000000
1779153055926.806,1,0,0,0.077735,0.157116,0.289296,0.717185,0.130026,-0.187500,0.658470,0,0,-1,0.000000,0.000000,0.000000,0.000000,0.000000,0.000000,0.000000
1779153055960.140,1,0,0,0.075833,0.156364,0.288078,0.706332,0.132039,-0.183701,0.670757,0,0,-1,0.000000,0.000000,0.000000,0.000000,0.000000,0.000000,0.000000
1779153055993.473,1,0,0,0.076771,0.156175,0.288576,0.712653,0.131520,-0.190976,0.662085,0,0,-1,0.000000,0.000000,0.000000,0.000000,0.000000,0.000000,0.000000
1779153056026.806,1,0,0,0.077758,0.157213,0.288700,0.708426,0.138353,-0.193702,0.664433,0,0,-1,0.000000,0.000000,0.000000,0.000000,0.000000,0.000000,0.000000
1779153056060.140,1,0,0,0.079077,0.156803,0.289624,0.694963,0.135837,-0.197502,0.677914,0,0,-1,0.000000,0.000000,0.000000,0.000000,0.000000,0.000000,0.000000
1779153056093.473,1,0,0,0.077454,0.156506,0.287979,0.702298,0.136628,-0.195012,0.670881,0,0,-1,0.000000,0.000000,0.000000,0.000000,0.000000,0.000000,0.000000
1779153056126.806,1,0,0,0.077065,0.156749,0.288137,0.711077,0.137353,-0.193614,0.661829,0,0,-1,0.000000,0.000000,0.000000,0.000000,0.000000,0.000000,0.000000
1779153056160.140,1,0,0,0.079095,0.157570,0.288341,0.713976,0.138600,-0.191626,0.659020,0,0,-1,0.000000,0.000000,0.000000,0.000000,0.000000,0.000000,0.000000
1779153056193.473,1,0,0,0.079378,0.156552,0.287268,0.706930,0.135736,-0.209685,0.661709,0,0,-1,0.000000,0.000000,0.000000,0.000000,0.000000,0.000000,0.000000
1779153056226.806,1,0,0,0.081126,0.157359,0.287919,0.715814,0.135583,-0.205851,0.653340,0,0,-1,0.000000,0.000000,0.000000,0.000000,0.000000,0.000000,0.000000
1779153056260.140,1,0,0,0.080907,0.157362,0.287982,0.720052,0.134758,-0.198374,0.651163,0,0,-1,0.000000,0.000000,0.000000,0.000000,0.000000,0.000000,0.000000
1779153056293.473,1,0,0,0.081368,0.157582,0.288272,0.715231,0.134187,-0.201038,0.655761,1,0,0,-0.126008,-0.186519,0.313767,-0.402845,0.150682,-0.082003,0.899047
1779153056326.806,1,0,0,0.080816,0.157336,0.288087,0.686832,0.142446,-0.195193,0.685471,0,0,-1,0.000000,0.000000,0.000000,0.000000,0.000000,0.000000,0.000000
